Player,Age,Team,Pos,G,GS,MP,PER,TS%,3PAr,FTr,ORB%,DRB%,TRB%,AST%,STL%,BLK%,TOV%,USG%,OWS,DWS,WS,WS/48,OBPM,DBPM,BPM,VORP,Awards
De'Aaron Fox,27,SAC,PG,28,28,1042,19.8,.576,.311,.301,3.4,11.6,7.6,26.2,2.2,0.8,13.3,30.4,1.5,1.0,2.4,.111,2.2,-1.1,1.1,0.8,
Mikal Bridges,28,NYK,SF,27,27,1034,13.6,.578,.458,.060,3.0,7.5,5.4,12.2,1.3,1.3,9.3,19.2,1.1,0.7,1.7,.080,0.1,-1.3,-1.1,0.2,
Tyrese Haliburton,24,IND,PG,28,28,990,18.2,.570,.603,.216,2.4,8.6,5.5,34.9,1.7,1.7,11.4,21.8,2.2,0.5,2.7,.129,3.6,-1.4,2.2,1.1,
OG Anunoby,27,NYK,PF,27,27,987,14.7,.582,.454,.190,3.5,11.6,7.8,7.6,2.1,3.0,8.3,18.9,1.1,1.1,2.2,.107,-0.2,0.0,-0.2,0.5,
Keegan Murray,24,SAC,PF,27,27,979,10.9,.520,.485,.105,7.5,16.2,11.9,5.4,1.0,2.3,7.8,15.2,0.6,0.8,1.4,.068,-1.7,-1.4,-3.1,-0.3,
Trae Young,26,ATL,PG,27,27,976,17.3,.546,.487,.386,1.8,9.8,5.7,48.1,1.7,0.4,18.9,27.2,1.3,0.5,1.8,.091,2.2,-2.3,-0.1,0.5,
Pascal Siakam,30,IND,PF,28,28,967,18.8,.620,.298,.252,5.9,17.2,11.6,15.3,1.3,0.9,8.3,22.2,2.3,0.5,2.8,.141,2.3,-1.2,1.2,0.8,
Josh Hart,29,NYK,SG,26,26,957,17.9,.694,.372,.234,5.0,19.7,12.7,19.9,2.0,0.9,15.1,14.3,2.6,1.1,3.7,.187,2.3,1.3,3.7,1.4,
Jalen Johnson,23,ATL,SF,26,26,955,17.3,.576,.281,.225,4.8,24.7,14.6,21.9,1.7,3.0,16.0,22.4,0.7,1.1,1.8,.092,0.6,1.1,1.7,0.9,
Devin Booker,28,PHO,SG,26,26,951,20.6,.588,.424,.398,3.6,7.5,5.6,28.4,1.5,0.9,9.6,28.5,2.7,0.3,3.0,.153,3.5,-1.8,1.7,0.9,
Domantas Sabonis,28,SAC,C,26,26,938,24.6,.701,.178,.363,10.5,30.0,20.4,26.0,1.1,1.3,16.6,21.8,3.5,1.2,4.7,.240,5.2,1.1,6.3,2.0,
Shai Gilgeous-Alexander,26,OKC,PG,27,27,935,28.5,.619,.300,.374,2.5,14.1,8.4,30.7,2.7,3.0,9.8,33.5,3.4,2.1,5.4,.278,7.4,2.9,10.2,2.9,
Anthony Edwards,23,MIN,SG,26,26,931,19.0,.589,.501,.208,2.0,14.6,8.4,19.8,1.9,1.6,12.3,30.6,0.9,1.5,2.3,.120,3.3,0.3,3.7,1.3,
Jalen Brunson,28,NYK,PG,27,27,925,22.1,.616,.361,.377,1.6,8.0,5.0,34.0,1.0,0.2,10.8,28.8,3.3,0.4,3.8,.197,5.0,-2.1,3.0,1.2,
Bennedict Mathurin,22,IND,SG,28,23,921,13.7,.592,.327,.396,4.3,17.1,10.8,7.6,1.1,1.0,12.9,22.0,0.7,0.5,1.2,.061,-1.3,-2.0,-3.3,-0.3,
Anthony Davis,31,LAL,C,26,26,918,27.8,.604,.122,.465,8.5,28.6,18.6,17.0,1.8,5.6,8.8,30.8,2.6,1.4,4.0,.208,5.0,0.9,5.9,1.8,
James Harden,35,LAC,PG,27,27,912,19.9,.572,.511,.456,1.8,19.5,10.6,38.0,2.3,1.9,19.1,30.7,1.1,1.5,2.6,.135,3.2,1.1,4.3,1.5,
Jayson Tatum,26,BOS,PF,25,25,911,22.9,.595,.512,.363,1.5,25.5,13.5,25.2,1.6,1.2,10.4,31.3,2.3,1.4,3.7,.193,5.1,1.0,6.1,1.8,
Ivica Zubac,27,LAC,C,28,28,902,19.9,.610,.000,.265,13.4,29.7,21.5,12.6,0.9,3.2,13.5,19.2,1.7,1.5,3.2,.170,1.1,0.2,1.3,0.7,
Derrick White,30,BOS,SG,26,26,898,18.2,.618,.711,.174,3.6,11.8,7.7,20.4,1.5,2.9,9.2,19.3,2.4,1.1,3.5,.186,3.6,0.8,4.4,1.4,
Fred VanVleet,30,HOU,PG,25,25,885,13.8,.496,.552,.193,1.9,10.7,6.2,24.4,2.0,1.2,8.2,19.5,1.0,1.5,2.5,.135,0.0,1.5,1.5,0.8,
Rudy Gobert,32,MIN,C,26,26,883,15.6,.676,.000,.560,11.0,24.2,17.7,8.1,1.1,3.8,17.1,11.9,1.7,1.6,3.4,.182,-1.2,1.6,0.4,0.5,
Jalen Green,22,HOU,SG,27,27,879,13.4,.534,.477,.265,1.6,13.5,7.5,12.4,1.6,0.8,13.0,26.7,0.0,1.5,1.5,.079,-0.5,0.1,-0.4,0.3,
Michael Porter Jr.,26,DEN,SF,25,25,877,16.2,.609,.427,.179,5.0,16.6,11.0,11.4,1.2,0.9,8.0,19.7,1.5,0.6,2.2,.119,1.6,-1.3,0.3,0.5,
Dyson Daniels,21,ATL,SG,26,26,877,13.0,.503,.308,.129,5.2,11.0,8.1,13.7,4.0,2.5,12.5,17.7,-0.1,1.2,1.1,.059,-2.8,2.2,-0.6,0.3,
Bam Adebayo,27,MIA,C,25,25,876,17.6,.520,.203,.293,7.9,23.8,15.9,21.8,2.0,2.1,11.4,21.9,0.9,1.4,2.3,.125,0.3,1.2,1.4,0.8,
Jalen Williams,23,OKC,SG,27,27,874,21.5,.582,.306,.198,2.9,16.2,9.6,24.8,2.8,2.5,11.1,27.8,1.4,2.0,3.4,.188,3.3,2.2,5.5,1.7,
LeBron James,40,LAL,SF,25,25,874,20.6,.574,.318,.250,3.2,22.2,12.7,43.5,0.9,1.7,17.0,29.6,1.0,0.7,1.7,.095,4.0,-0.5,3.5,1.2,
Tyler Herro,25,MIA,SG,25,25,873,20.1,.623,.565,.209,1.2,15.9,8.6,24.0,1.2,0.2,11.0,27.3,1.9,0.9,2.7,.150,4.6,-0.7,3.9,1.3,
Cade Cunningham,23,DET,PG,24,24,870,19.3,.551,.322,.215,3.3,18.8,11.2,44.7,1.1,2.4,17.3,30.9,0.8,0.9,1.7,.092,3.2,0.0,3.2,1.1,
Ochai Agbaji,24,TOR,SG,28,26,867,12.8,.636,.460,.097,3.2,11.5,7.3,8.6,1.5,1.7,8.2,13.5,1.3,0.5,1.8,.098,-0.1,0.1,0.1,0.4,
Karl-Anthony Towns,29,NYK,C,25,25,862,26.5,.656,.311,.367,10.3,35.4,23.5,15.3,1.3,2.8,12.0,27.7,3.0,1.4,4.4,.244,5.2,0.4,5.6,1.7,
Nikola VuÄeviÄ,34,CHI,C,27,27,858,22.9,.689,.322,.165,6.5,25.5,16.1,16.1,1.1,2.2,10.5,22.2,2.6,0.8,3.3,.187,4.3,-0.1,4.3,1.4,
Ayo Dosunmu,25,CHI,SG,28,15,858,13.9,.595,.408,.183,2.1,11.2,6.8,20.3,1.1,1.4,10.2,16.6,1.4,0.4,1.8,.101,-0.4,-0.6,-1.0,0.2,
Donovan Mitchell,28,CLE,SG,27,27,857,20.8,.582,.495,.206,1.9,14.2,8.2,21.4,2.5,0.9,9.2,30.2,1.6,1.2,2.8,.157,3.1,0.1,3.2,1.1,
Julius Randle,30,MIN,PF,26,26,855,18.0,.600,.330,.399,6.2,16.5,11.4,19.8,1.2,0.4,13.9,26.1,1.5,1.2,2.6,.148,1.2,-0.1,1.2,0.7,
Kentavious Caldwell-Pope,31,ORL,SG,28,28,852,9.0,.532,.660,.175,1.4,6.6,3.9,8.6,2.6,1.8,9.6,12.1,0.3,1.4,1.7,.093,-3.7,2.3,-1.4,0.1,
Coby White,24,CHI,SG,26,26,850,13.5,.571,.612,.233,1.3,10.3,5.8,19.3,1.6,0.5,13.0,23.0,0.6,0.4,1.0,.055,-0.6,-1.5,-2.1,0.0,
Dillon Brooks,29,HOU,SF,27,27,849,10.6,.546,.508,.117,4.1,8.9,6.5,7.3,1.0,0.8,7.4,17.1,0.8,1.1,2.0,.112,-1.5,0.1,-1.4,0.1,
Kyrie Irving,32,DAL,SG,24,24,848,21.2,.623,.374,.196,3.6,10.5,7.2,23.3,1.6,0.6,10.2,25.5,2.5,0.7,3.2,.182,5.1,-0.3,4.8,1.5,
Cameron Johnson,28,BRK,PF,26,26,848,19.5,.663,.595,.311,2.6,14.0,8.2,15.6,1.2,1.7,7.2,21.3,2.6,0.4,2.9,.166,5.2,-0.3,4.9,1.5,
Alperen Sengun,22,HOU,C,27,27,843,22.7,.539,.097,.320,11.0,24.5,17.7,27.3,1.8,2.9,11.3,26.0,1.7,1.9,3.6,.206,3.9,2.8,6.7,1.8,
Brook Lopez,36,MIL,C,26,26,841,13.2,.596,.563,.148,4.3,12.2,8.4,6.6,1.5,6.1,11.0,14.4,0.7,1.0,1.7,.096,-0.7,0.8,0.2,0.5,
Giannis Antetokounmpo,30,MIL,PF,24,24,840,31.9,.632,.036,.543,6.5,29.0,18.2,35.4,1.0,4.0,11.7,36.9,3.1,1.2,4.3,.244,6.8,2.3,9.1,2.3,
Jalen Suggs,23,ORL,PG,28,28,839,14.3,.533,.519,.213,2.5,14.2,8.1,21.4,2.5,3.4,16.0,25.9,-0.3,1.6,1.3,.075,-0.9,1.4,0.5,0.5,
Tobias Harris,32,DET,PF,26,26,837,13.4,.537,.374,.190,3.7,19.8,11.9,10.9,1.2,2.6,8.8,18.5,0.6,0.9,1.4,.083,-1.0,0.1,-0.9,0.2,
Bilal Coulibaly,20,WAS,SF,24,24,837,11.5,.538,.358,.287,4.3,12.0,8.1,13.8,2.0,2.0,14.9,16.6,0.1,0.2,0.4,.020,-2.2,-0.5,-2.7,-0.2,
Jakob Poeltl,29,TOR,C,26,25,835,19.4,.611,.007,.301,13.2,24.5,18.8,12.9,1.7,3.7,14.5,19.3,1.4,1.0,2.4,.138,0.4,0.3,0.7,0.6,
Tyus Jones,28,PHO,PG,26,26,831,16.6,.618,.557,.078,2.0,7.0,4.5,31.5,1.6,0.3,9.6,15.5,2.3,0.2,2.5,.147,2.5,-1.0,1.5,0.7,
Franz Wagner,23,ORL,SF,25,25,829,22.8,.573,.336,.285,3.1,17.1,9.8,32.1,2.6,1.4,10.3,31.0,1.7,1.5,3.3,.189,4.3,1.8,6.1,1.7,
Jabari Smith Jr.,21,HOU,PF,27,27,829,12.8,.572,.518,.220,5.9,16.8,11.2,5.0,0.5,2.7,6.4,14.9,1.3,1.3,2.6,.151,-0.3,0.6,0.3,0.5,
Jarrett Allen,26,CLE,C,28,28,826,21.5,.720,.005,.443,8.8,29.2,19.3,8.3,1.6,2.6,10.0,15.2,2.7,1.5,4.2,.243,2.6,0.9,3.5,1.1,
Toumani Camara,24,POR,PF,27,27,826,10.7,.545,.535,.138,7.3,11.4,9.3,9.4,2.3,1.5,15.4,13.7,0.4,0.5,0.8,.048,-1.8,-0.2,-1.9,0.0,
Jerami Grant,30,POR,PF,25,25,825,12.4,.532,.503,.265,1.6,10.9,6.1,11.0,1.5,2.9,8.8,20.7,0.5,0.3,0.8,.049,-0.4,-1.0,-1.3,0.1,
RJ Barrett,24,TOR,SG,24,24,824,17.1,.546,.301,.312,2.9,18.8,10.7,29.1,1.1,1.3,13.8,30.3,0.5,0.5,1.0,.059,1.6,-1.0,0.7,0.6,
Christian Braun,23,DEN,SG,24,24,822,14.4,.652,.266,.324,3.7,11.6,7.8,7.0,1.8,1.7,10.4,15.7,1.3,0.6,2.0,.115,-0.2,-0.4,-0.5,0.3,
Myles Turner,28,IND,C,26,26,821,14.0,.594,.449,.272,4.4,20.8,12.7,7.2,1.3,6.1,16.1,20.7,0.0,0.9,0.9,.050,-1.8,-0.2,-2.0,0.0,
Nikola JokiÄ,29,DEN,C,22,22,819,31.9,.652,.213,.308,10.9,26.5,19.0,44.0,2.3,1.6,13.8,31.2,3.8,1.1,4.9,.286,10.1,2.7,12.8,3.0,
DeMar DeRozan,35,SAC,SF,23,23,816,18.6,.572,.129,.371,1.5,10.8,6.2,17.1,2.1,1.3,7.9,25.3,1.5,0.7,2.2,.131,0.8,-0.2,0.7,0.5,
Darius Garland,25,CLE,PG,27,27,810,20.2,.618,.454,.203,2.0,7.0,4.6,31.1,1.6,0.8,13.2,26.9,2.2,0.8,3.0,.178,3.8,-1.1,2.7,1.0,
Kelly Oubre Jr.,29,PHI,SF,25,22,804,13.1,.556,.397,.206,5.6,15.8,10.4,7.8,1.9,1.5,10.1,18.3,0.5,0.9,1.4,.082,-1.2,-0.2,-1.5,0.1,
Malik Beasley,28,DET,SG,28,8,803,14.6,.583,.690,.112,2.2,9.5,5.9,11.1,1.2,0.2,7.1,22.5,1.0,0.4,1.5,.090,2.0,-1.6,0.4,0.5,
Damian Lillard,34,MIL,PG,22,22,800,22.3,.622,.530,.401,1.7,11.5,6.8,32.8,1.4,0.5,12.7,28.8,2.5,0.6,3.0,.182,5.0,-1.1,3.8,1.2,
Zach LaVine,29,CHI,SF,24,24,800,17.2,.639,.484,.234,0.7,13.2,7.0,19.0,1.2,0.6,14.0,25.4,1.1,0.3,1.4,.085,2.2,-1.5,0.7,0.5,
Julian Champagnie,23,SAS,SF,27,26,797,12.7,.583,.719,.146,3.1,15.5,9.3,7.3,1.5,1.8,8.8,17.1,0.7,0.7,1.3,.080,-0.3,-0.8,-1.1,0.2,
Luguentz Dort,25,OKC,SF,27,27,795,12.5,.575,.670,.158,5.4,11.2,8.3,7.5,2.1,2.8,6.3,13.6,1.1,1.5,2.6,.158,-0.6,1.4,0.8,0.6,
Dennis SchrÃ¶der,31,2TM,PG,24,24,794,15.6,.574,.457,.246,0.6,10.1,5.2,32.4,1.6,0.5,14.4,24.4,1.0,0.3,1.3,.079,0.8,-1.5,-0.6,0.3,
Dennis SchrÃ¶der,31,BRK,PG,23,23,772,16.4,.588,.462,.249,0.6,10.1,5.3,32.5,1.7,0.5,14.1,24.2,1.2,0.3,1.5,.094,1.3,-1.3,0.0,0.4,
Dennis SchrÃ¶der,31,GSW,PG,1,1,22,-11.8,.194,.333,.167,0.0,9.6,4.7,29.5,0.0,0.0,23.7,31.9,-0.2,0.0,-0.2,-0.457,-15.0,-8.6,-23.6,-0.1,
Keyonte George,21,UTA,PG,25,25,791,11.8,.534,.569,.242,1.7,10.0,5.9,28.3,1.1,0.6,17.9,24.6,0.1,-0.2,-0.1,-0.007,-0.7,-3.2,-4.0,-0.4,
Evan Mobley,23,CLE,PF,26,26,786,22.2,.642,.180,.332,8.2,23.7,16.2,12.8,1.6,4.3,13.2,23.3,1.9,1.4,3.3,.201,2.1,1.2,3.3,1.1,
Jaden McDaniels,24,MIN,PF,26,26,779,11.1,.531,.428,.131,4.7,11.2,8.0,8.7,2.2,2.5,9.8,15.6,0.2,1.3,1.5,.093,-2.6,1.6,-1.0,0.2,
Jaylen Brown,28,BOS,SF,22,22,778,17.7,.548,.384,.329,4.2,13.9,9.0,20.8,1.6,0.9,11.1,29.5,0.8,0.9,1.8,.109,0.5,-1.1,-0.6,0.3,
Payton Pritchard,27,BOS,PG,27,0,776,19.5,.669,.778,.141,4.9,9.2,7.0,17.1,1.6,0.3,8.1,19.9,2.6,0.8,3.3,.207,4.6,-0.1,4.5,1.3,
Harrison Barnes,32,SAS,PF,27,27,771,12.9,.625,.461,.373,6.1,9.5,7.8,8.3,0.5,0.6,7.4,14.2,1.5,0.2,1.7,.109,0.4,-1.9,-1.5,0.1,
Chris Paul,39,SAS,PG,27,27,766,16.9,.593,.644,.176,2.1,13.4,7.8,41.3,2.6,0.7,19.1,15.2,1.7,0.8,2.5,.155,1.1,0.6,1.7,0.7,
Jaden Ivey,22,DET,SG,25,25,759,14.0,.542,.365,.308,4.7,10.2,7.5,21.4,1.5,1.3,15.8,26.7,0.1,0.6,0.6,.039,-0.4,-1.2,-1.6,0.1,
Brandon Miller,22,CHO,SF,22,22,757,14.9,.545,.594,.163,2.9,14.1,8.2,17.3,1.6,2.3,12.8,27.9,0.2,0.6,0.8,.050,1.5,-1.0,0.5,0.5,
Gradey Dick,21,TOR,SG,23,23,746,12.9,.558,.504,.267,2.5,9.2,5.8,8.9,1.2,0.8,9.1,23.3,0.6,0.2,0.9,.057,-0.1,-1.8,-1.9,0.0,
John Collins,27,UTA,PF,25,16,744,20.2,.639,.266,.308,8.6,21.7,15.2,14.3,1.8,2.8,15.1,23.3,1.5,0.4,1.9,.123,2.0,-0.4,1.7,0.7,
Anfernee Simons,25,POR,SG,24,24,744,14.3,.548,.520,.209,1.0,8.4,4.5,24.8,1.4,0.3,12.5,24.7,0.7,0.1,0.8,.051,0.7,-2.3,-1.6,0.1,
Austin Reaves,26,LAL,SG,22,22,741,14.9,.577,.556,.264,2.6,9.7,6.1,22.3,1.6,0.5,12.5,22.1,0.9,0.4,1.2,.079,0.6,-1.3,-0.7,0.2,
Santi Aldama,24,MEM,PF,28,11,741,18.5,.614,.434,.138,6.6,22.4,14.8,15.5,1.6,1.9,10.2,18.5,1.6,1.3,2.9,.188,2.8,1.3,4.1,1.1,
Luka DonÄiÄ,25,DAL,PG,20,20,739,24.6,.580,.457,.313,2.1,22.0,12.5,35.1,2.7,1.1,12.2,32.5,1.8,1.1,3.0,.192,5.7,1.1,6.8,1.7,
Jrue Holiday,34,BOS,PG,24,24,734,13.5,.563,.550,.186,3.8,10.7,7.2,18.2,1.2,1.1,11.5,17.4,1.1,0.7,1.8,.117,0.0,-0.1,-0.1,0.4,
Josh Giddey,22,CHI,PG,27,27,732,15.8,.540,.374,.230,4.8,19.8,12.4,34.9,1.6,1.4,19.7,21.1,0.6,0.6,1.2,.079,0.6,0.1,0.8,0.5,
Carlton Carrington,19,WAS,PG,25,17,732,7.7,.491,.531,.118,1.4,14.9,8.1,18.8,1.5,0.9,18.1,15.3,-0.5,0.1,-0.4,-0.025,-4.6,-0.9,-5.5,-0.6,
Rui Hachimura,26,LAL,PF,22,22,730,12.8,.587,.357,.222,6.0,12.5,9.2,7.4,1.5,1.8,8.8,14.9,0.9,0.5,1.3,.087,-0.7,-0.7,-1.4,0.1,
Cody Martin,29,CHO,SF,28,6,729,12.7,.546,.495,.167,4.2,16.0,9.8,12.9,2.2,2.7,11.7,14.8,0.6,0.7,1.3,.084,-1.5,0.8,-0.7,0.2,
Amen Thompson,22,HOU,SF,27,2,728,17.1,.608,.142,.447,8.5,18.2,13.3,11.4,2.1,3.2,15.7,17.7,1.0,1.5,2.6,.169,0.3,2.5,2.8,0.9,
Jaren Jackson Jr.,25,MEM,C,26,26,726,22.5,.627,.336,.356,5.1,16.3,10.9,7.9,2.5,5.8,10.2,27.6,1.6,1.5,3.1,.204,2.4,1.9,4.2,1.1,
Josh Green,24,CHO,SG,26,25,725,7.7,.545,.533,.150,3.8,6.5,5.1,8.1,1.6,1.3,12.3,11.8,0.3,0.3,0.7,.043,-4.2,-0.4,-4.5,-0.5,
Collin Sexton,26,UTA,SG,26,24,724,15.2,.616,.344,.318,3.1,7.1,5.2,19.5,1.2,0.4,16.1,24.5,1.0,-0.2,0.8,.055,0.4,-2.7,-2.3,-0.1,
Davion Mitchell,26,TOR,PG,27,13,723,7.5,.490,.480,.181,2.1,7.2,4.6,24.4,1.5,0.9,22.3,13.7,-0.1,0.2,0.1,.007,-4.1,-0.7,-4.8,-0.5,
Jamal Murray,27,DEN,PG,20,20,721,15.2,.533,.371,.233,1.4,10.1,5.9,23.8,2.0,1.5,10.2,22.8,0.7,0.5,1.2,.083,0.0,-0.7,-0.7,0.3,
Victor Wembanyama,21,SAS,C,22,22,716,24.6,.601,.494,.229,6.4,26.9,16.7,21.5,1.8,9.6,15.2,31.5,0.6,1.3,2.0,.134,3.9,2.8,6.7,1.6,
Deni Avdija,24,POR,SF,27,12,713,15.4,.575,.422,.386,4.8,19.3,11.8,17.3,1.7,2.7,15.8,20.3,0.7,0.5,1.2,.081,0.4,0.0,0.4,0.4,
Jordan Poole,25,WAS,SG,23,23,712,16.2,.589,.522,.292,0.9,7.2,4.0,26.8,2.6,1.4,16.6,28.0,0.3,0.2,0.5,.035,1.2,-1.4,-0.2,0.3,
Cason Wallace,21,OKC,SG,27,16,711,11.4,.505,.491,.040,4.9,9.3,7.1,10.6,3.0,3.0,8.7,11.7,0.4,1.5,1.9,.128,-2.0,2.7,0.7,0.5,
Anthony Black,21,ORL,PG,29,1,706,10.5,.514,.341,.355,2.4,11.0,6.5,22.9,2.0,3.0,20.8,18.9,-0.4,1.2,0.8,.051,-3.4,1.2,-2.1,0.0,
Stephon Castle,20,SAS,PG,26,17,702,9.9,.476,.390,.310,2.9,7.2,5.1,20.9,1.6,1.3,13.5,22.1,-0.4,0.4,0.0,.000,-3.5,-1.6,-5.1,-0.5,
Tyrese Maxey,24,PHI,PG,19,19,701,18.1,.531,.444,.257,0.6,11.6,5.8,25.0,2.7,1.0,8.8,30.6,0.5,0.8,1.3,.088,2.0,-0.2,1.7,0.6,
Yves Missi,20,NOP,C,27,21,701,17.2,.582,.000,.436,15.3,20.9,17.9,7.0,1.3,4.3,11.8,14.7,1.2,0.4,1.6,.107,-1.1,-1.6,-2.7,-0.1,
Tim Hardaway Jr.,32,DET,SG,25,25,694,8.6,.561,.680,.210,0.8,7.4,4.1,7.8,0.6,0.0,7.2,14.5,0.5,0.2,0.8,.053,-2.2,-1.4,-3.6,-0.3,
D'Angelo Russell,28,LAL,PG,26,10,689,13.2,.535,.541,.166,1.3,10.8,6.0,26.5,1.6,0.5,13.2,22.1,0.3,0.4,0.7,.046,-0.7,-1.4,-2.1,0.0,
Taurean Prince,30,MIL,SF,26,26,689,10.1,.654,.635,.088,2.8,13.8,8.5,8.9,1.6,0.7,17.2,11.9,0.5,0.6,1.1,.078,-1.6,-0.3,-1.9,0.0,
P.J. Washington,26,DAL,PF,21,20,688,14.3,.559,.386,.260,5.2,20.9,13.4,9.2,2.0,3.3,12.7,16.9,0.5,1.0,1.5,.105,-0.2,1.0,0.8,0.5,
Brandon Boston Jr.,23,NOP,SG,25,10,686,13.8,.536,.381,.200,2.5,12.2,7.1,17.9,2.7,0.8,11.6,19.7,0.4,0.3,0.6,.045,-1.5,-0.2,-1.6,0.1,
Jaylen Wells,21,MEM,SG,28,23,683,11.7,.593,.508,.188,4.1,9.7,7.0,8.9,0.8,0.7,11.2,17.8,0.8,0.7,1.5,.104,-0.6,-0.9,-1.5,0.1,
Norman Powell,31,LAC,SG,21,21,682,20.3,.652,.483,.237,1.0,10.3,5.6,13.9,1.7,0.4,9.9,26.8,1.6,0.8,2.4,.170,4.4,-0.3,4.1,1.1,
Royce O'Neale,31,PHO,SF,26,7,682,15.4,.625,.665,.095,4.8,20.0,12.6,12.5,1.7,2.1,10.1,16.6,1.1,0.6,1.7,.117,1.7,0.0,1.7,0.7,
Draymond Green,34,GSW,PF,24,22,677,12.0,.560,.533,.317,3.3,18.9,10.9,26.4,1.7,3.1,24.3,15.4,0.3,1.0,1.3,.092,-1.8,2.2,0.3,0.4,
LaMelo Ball,23,CHO,PG,20,20,673,22.1,.554,.528,.240,2.8,15.0,8.6,45.5,2.1,0.6,13.4,39.8,1.0,0.5,1.6,.111,5.9,-0.5,5.5,1.3,
Lauri Markkanen,27,UTA,PF,21,21,667,18.3,.623,.530,.415,6.1,16.8,11.6,11.0,1.1,0.4,8.9,22.1,1.8,0.0,1.8,.130,3.4,-2.1,1.3,0.6,
Amir Coffey,27,LAC,SG,27,8,664,13.1,.642,.522,.212,2.7,9.2,5.9,7.7,1.2,0.3,7.9,15.7,1.2,0.7,1.8,.133,0.0,-0.2,-0.1,0.3,
Zaccharie Risacher,19,ATL,SF,28,26,662,9.9,.482,.426,.232,5.0,10.1,7.5,6.7,1.7,2.8,8.7,20.9,-0.3,0.5,0.1,.009,-3.7,-1.4,-5.1,-0.5,
Jalen Wilson,24,BRK,PF,26,6,661,9.7,.547,.570,.259,4.6,11.3,7.9,10.3,1.0,0.2,9.7,16.0,0.5,0.2,0.6,.046,-2.0,-1.5,-3.5,-0.3,
Terry Rozier,30,MIA,PG,23,12,654,11.1,.522,.513,.174,2.8,12.1,7.5,15.8,1.1,1.3,12.1,19.3,0.1,0.6,0.7,.050,-1.9,-1.1,-3.0,-0.2,
Derrick Jones Jr.,27,LAC,SF,26,26,645,13.1,.612,.374,.157,5.2,9.7,7.4,5.5,2.5,1.1,11.3,16.0,0.7,0.9,1.6,.118,-1.0,1.0,0.0,0.3,
Donte DiVincenzo,28,MIN,SG,26,2,644,10.0,.502,.779,.085,1.6,12.6,7.2,19.9,2.4,0.9,16.3,18.0,-0.3,1.0,0.7,.055,-2.5,1.3,-1.2,0.1,
Stephen Curry,36,GSW,PG,21,21,643,21.4,.613,.610,.235,1.6,15.8,8.5,33.3,2.0,1.5,14.9,28.6,1.3,0.9,2.2,.164,5.9,0.5,6.4,1.4,
Clint Capela,30,ATL,C,28,28,643,19.3,.584,.000,.249,16.5,27.1,21.7,8.1,1.2,4.4,8.7,16.6,1.3,0.8,2.1,.155,0.3,-0.6,-0.3,0.3,
Jake LaRavia,23,MEM,PF,28,0,642,14.1,.607,.369,.381,6.4,13.9,10.3,18.2,1.8,2.6,18.0,14.9,1.0,1.0,2.0,.150,0.1,1.8,1.9,0.6,
Klay Thompson,34,DAL,SF,23,23,638,13.4,.558,.644,.095,3.0,10.6,6.9,9.4,1.3,1.1,8.4,21.4,0.6,0.5,1.0,.079,1.5,-1.4,0.0,0.3,
Russell Westbrook,36,DEN,PG,25,6,637,15.4,.509,.364,.356,3.9,13.2,8.7,33.7,3.1,2.2,18.1,23.0,0.2,0.8,1.0,.072,-0.4,0.8,0.4,0.4,
Naz Reid,25,MIN,C,26,0,636,14.3,.566,.506,.191,2.9,20.6,11.9,10.4,1.5,3.1,10.2,20.9,0.4,1.1,1.5,.113,-1.1,1.3,0.2,0.3,
Kris Dunn,30,LAC,PG,28,17,635,11.8,.524,.494,.057,3.3,14.1,8.7,16.8,3.7,1.1,14.0,14.1,0.2,1.2,1.4,.107,-2.8,3.3,0.5,0.4,
Andrew Wiggins,29,GSW,SF,22,22,627,18.7,.604,.413,.329,5.3,10.0,7.6,12.3,1.5,2.3,7.2,23.1,1.4,0.7,2.1,.162,3.4,-0.1,3.3,0.8,
Jimmy Butler,35,MIA,PF,20,20,627,24.5,.646,.127,.665,8.8,11.1,10.0,24.7,2.0,1.2,8.3,21.7,2.7,0.7,3.4,.260,5.1,0.9,6.0,1.2,
Scotty Pippen Jr.,24,MEM,PG,28,10,624,14.1,.546,.339,.242,2.8,13.0,8.1,29.9,2.1,1.5,17.7,20.3,0.6,1.0,1.5,.119,-1.3,1.1,-0.2,0.3,
Dalton Knecht,23,LAL,SF,27,12,624,12.4,.588,.603,.125,3.1,14.6,8.8,6.9,1.0,0.1,6.3,17.6,0.6,0.3,0.9,.070,-0.5,-2.0,-2.6,-0.1,
Alex Sarr,19,WAS,C,23,23,623,12.2,.473,.416,.208,8.0,16.8,12.4,11.4,1.2,6.3,11.4,20.5,-0.4,0.3,-0.1,-0.007,-2.9,-0.7,-3.6,-0.3,
Buddy Hield,32,GSW,SG,26,5,621,15.2,.613,.676,.091,2.4,12.6,7.4,8.6,1.9,1.2,10.0,22.2,0.6,0.7,1.4,.108,1.5,-0.2,1.3,0.5,
Nickeil Alexander-Walker,26,MIN,SG,26,2,618,13.8,.642,.544,.187,3.2,9.4,6.4,15.6,1.9,1.4,15.5,16.5,0.8,0.9,1.7,.130,-0.1,1.3,1.2,0.5,
Malik Monk,26,SAC,SG,21,8,616,17.1,.584,.511,.198,0.7,12.8,6.9,24.6,1.3,1.9,9.9,22.6,1.1,0.5,1.6,.128,2.1,-0.6,1.5,0.5,
Kevin Huerter,26,SAC,SG,24,15,614,11.1,.548,.675,.092,1.7,13.6,7.7,10.8,2.0,1.9,10.8,16.9,0.2,0.6,0.8,.061,-2.0,-0.1,-2.1,0.0,
Keldon Johnson,25,SAS,SF,24,0,613,14.4,.544,.375,.270,5.0,17.5,11.3,10.3,1.6,0.7,6.7,20.7,0.6,0.5,1.1,.088,-1.1,-1.0,-2.1,0.0,
Brandin Podziemski,21,GSW,SG,25,8,613,11.0,.479,.460,.149,4.3,15.4,9.7,19.4,1.6,1.1,11.9,16.5,0.2,0.8,0.9,.071,-2.4,0.6,-1.9,0.0,
Gary Trent Jr.,26,MIL,SG,24,7,611,8.7,.568,.676,.148,0.6,7.5,4.1,4.9,1.7,0.0,6.5,14.5,0.3,0.4,0.7,.052,-3.3,-0.7,-4.1,-0.3,
Jalen Duren,21,DET,C,25,25,608,17.4,.680,.000,.504,14.1,27.1,20.7,13.8,1.0,4.7,23.9,15.0,1.0,0.8,1.8,.145,-1.3,1.2,-0.1,0.3,
Jonathan Kuminga,22,GSW,PF,24,10,607,14.0,.509,.283,.321,4.8,13.3,8.9,12.2,1.8,2.2,9.6,27.2,-0.2,0.8,0.6,.047,-1.4,-0.6,-2.0,0.0,
Peyton Watson,22,DEN,SF,25,12,607,12.3,.594,.325,.331,4.9,9.9,7.5,6.3,1.6,3.2,9.5,14.5,0.7,0.5,1.2,.093,-1.4,-0.3,-1.7,0.1,
Bobby Portis,29,MIL,PF,25,1,599,17.5,.542,.284,.102,8.4,25.3,17.1,11.3,1.1,2.3,8.9,24.1,0.4,0.7,1.1,.090,0.5,-1.3,-0.8,0.2,
Brandon Ingram,27,NOP,SF,18,18,595,16.8,.560,.345,.165,2.9,16.0,9.1,28.2,1.3,1.7,16.2,30.2,0.0,0.1,0.1,.011,1.6,-2.1,-0.4,0.2,
Onyeka Okongwu,24,ATL,C,25,0,594,17.5,.608,.202,.335,11.1,18.8,14.8,8.4,1.3,2.8,8.3,17.3,1.3,0.5,1.8,.148,0.1,-0.5,-0.4,0.2,
Tristan Da Silva,23,ORL,SF,25,18,593,9.3,.517,.489,.132,4.9,12.9,8.7,9.0,0.8,0.7,9.0,15.5,0.2,0.7,0.9,.072,-2.3,-0.4,-2.7,-0.1,
Jared McCain,20,PHI,SG,23,8,592,15.8,.589,.485,.204,2.4,8.9,5.5,17.8,1.3,0.0,11.0,24.9,0.8,0.3,1.1,.091,2.0,-1.4,0.6,0.4,
Javonte Green,31,NOP,SG,26,12,591,10.6,.541,.431,.331,4.3,11.8,7.9,4.7,2.2,2.9,9.2,11.7,0.3,0.2,0.6,.045,-2.8,-0.2,-2.9,-0.1,
Walker Kessler,23,UTA,C,20,20,587,20.8,.717,.015,.366,15.3,24.8,20.2,8.1,0.7,9.1,16.0,13.0,1.4,0.4,1.9,.154,1.4,0.8,2.2,0.6,
Guerschon Yabusele,29,PHI,PF,25,10,584,13.7,.589,.526,.263,8.0,19.0,13.2,12.3,1.3,1.8,14.5,17.1,0.6,0.6,1.2,.098,-0.5,-0.4,-0.9,0.2,
Shaedon Sharpe,21,POR,SG,19,17,582,13.6,.538,.438,.272,2.7,10.4,6.4,13.6,1.2,0.6,10.0,24.2,0.4,0.1,0.4,.037,-0.5,-2.5,-3.0,-0.1,
Caleb Martin,29,PHI,SF,20,15,582,9.2,.501,.345,.392,5.1,13.7,9.1,11.4,1.6,1.6,17.2,15.8,-0.3,0.5,0.3,.022,-3.1,-0.4,-3.4,-0.2,
Isaiah Stewart,23,DET,C,27,3,579,14.4,.621,.181,.284,11.6,19.0,15.3,11.1,1.1,5.6,18.2,11.8,0.9,0.7,1.6,.134,-1.8,1.6,-0.3,0.2,
Georges Niang,31,CLE,PF,28,1,578,11.5,.604,.646,.072,4.1,16.9,10.7,7.9,0.8,0.8,12.2,17.1,0.5,0.6,1.1,.092,-1.3,-0.8,-2.1,0.0,
Kevin Durant,36,PHO,PF,16,16,572,21.1,.634,.337,.326,0.6,19.9,10.4,18.8,0.9,3.3,13.1,29.6,0.8,0.4,1.3,.106,3.1,-0.5,2.6,0.7,
Haywood Highsmith,28,MIA,SF,23,17,570,10.5,.605,.577,.154,3.2,10.3,6.8,6.1,2.3,2.9,12.1,11.4,0.4,0.7,1.1,.092,-2.4,1.1,-1.3,0.1,
Cam Thomas,23,BRK,SG,17,17,568,17.9,.606,.424,.377,1.2,10.6,5.8,18.1,1.0,0.2,12.2,30.9,0.7,0.1,0.8,.072,2.3,-2.2,0.1,0.3,
Goga Bitadze,25,ORL,C,24,21,568,19.8,.664,.083,.310,13.5,25.4,19.2,13.0,1.6,6.5,17.5,15.2,1.2,1.2,2.5,.207,-0.1,2.6,2.5,0.6,
Moritz Wagner,27,ORL,C,29,1,563,22.5,.649,.301,.442,7.9,23.3,15.3,13.5,2.1,2.1,13.9,26.6,1.2,1.1,2.3,.193,2.9,1.4,4.3,0.9,
Desmond Bane,26,MEM,SG,20,19,561,14.5,.553,.449,.173,3.3,17.9,10.9,21.7,1.6,1.7,14.4,21.8,0.5,0.9,1.4,.117,-0.2,0.9,0.7,0.4,
Mike Conley,37,MIN,PG,22,22,559,12.7,.515,.693,.199,2.5,10.4,6.5,25.4,2.8,1.0,14.3,16.5,0.5,0.9,1.4,.117,-1.4,1.8,0.5,0.3,
Miles McBride,24,NYK,PG,22,0,558,14.0,.598,.600,.141,3.0,8.6,6.0,15.7,1.7,0.9,10.1,17.3,0.9,0.4,1.4,.116,1.0,-0.3,0.7,0.4,
Al Horford,38,BOS,C,20,18,554,12.9,.616,.730,.043,3.7,17.2,10.4,11.2,1.2,3.0,11.7,12.6,0.8,0.7,1.5,.130,0.5,1.3,1.8,0.5,
Dorian Finney-Smith,31,BRK,PF,19,19,552,13.1,.635,.684,.151,6.1,11.8,8.9,8.4,1.6,2.2,9.5,14.4,0.8,0.3,1.1,.099,0.8,-0.2,0.6,0.4,
Obi Toppin,26,IND,PF,27,0,551,19.1,.660,.485,.160,4.2,19.0,11.7,13.2,1.8,1.9,7.5,18.8,1.4,0.5,1.8,.158,2.7,-0.1,2.7,0.6,
Duncan Robinson,30,MIA,SF,24,13,551,12.2,.559,.685,.086,1.6,9.1,5.3,16.0,1.1,0.5,8.4,20.8,0.4,0.4,0.9,.074,-0.4,-1.3,-1.7,0.0,
Spencer Dinwiddie,31,DAL,PG,25,1,551,12.8,.568,.587,.400,1.0,7.9,4.6,18.6,1.7,1.1,10.3,15.6,1.0,0.4,1.4,.119,-0.2,0.1,-0.1,0.3,
Deandre Ayton,26,POR,C,18,18,548,16.9,.568,.088,.106,9.9,27.2,18.2,7.6,1.4,2.9,12.4,19.6,0.4,0.5,0.9,.079,-0.9,-1.3,-2.2,0.0,
Tari Eason,23,HOU,PF,24,0,546,20.0,.557,.330,.222,9.7,19.4,14.5,6.9,4.1,3.9,7.6,19.9,0.9,1.5,2.4,.207,1.5,3.9,5.4,1.0,
Keon Ellis,25,SAC,SG,26,4,545,12.7,.650,.716,.276,4.4,8.0,6.2,6.8,2.8,4.2,13.3,11.9,0.7,0.7,1.4,.121,-0.2,1.5,1.3,0.5,
Corey Kispert,25,WAS,SF,20,0,544,9.3,.543,.609,.125,1.3,11.9,6.6,8.1,1.0,0.7,10.2,17.2,0.0,0.0,-0.1,-0.006,-2.7,-2.5,-5.2,-0.4,
Aaron Wiggins,26,OKC,SG,27,8,542,13.8,.556,.468,.094,4.7,12.8,8.8,9.7,2.1,1.5,9.0,18.3,0.4,1.0,1.4,.128,-0.1,0.4,0.3,0.3,
Max Christie,21,LAL,SG,26,5,536,10.4,.571,.475,.458,4.4,8.4,6.4,8.0,1.9,1.7,12.4,13.1,0.4,0.3,0.8,.068,-2.5,0.0,-2.5,-0.1,
Naji Marshall,27,DAL,SF,22,7,535,15.7,.615,.304,.196,5.0,10.1,7.7,13.5,1.9,0.3,13.2,19.2,0.9,0.4,1.3,.117,0.5,-0.2,0.4,0.3,
T.J. McConnell,32,IND,PG,27,0,534,20.5,.588,.057,.135,3.5,11.1,7.3,34.5,3.1,1.4,14.3,24.5,0.8,0.5,1.3,.118,1.2,0.3,1.5,0.5,
Bradley Beal,31,PHO,SG,16,16,533,14.7,.603,.417,.194,2.3,11.1,6.8,14.6,1.6,2.1,13.6,22.5,0.4,0.3,0.7,.060,-0.6,-0.9,-1.5,0.1,
Daniel Gafford,26,DAL,C,26,12,531,25.5,.727,.000,.393,15.0,18.7,16.9,9.5,1.2,5.1,10.8,19.2,2.2,0.7,2.9,.259,3.5,0.4,4.0,0.8,
Grayson Allen,29,PHO,SG,22,1,531,13.3,.586,.725,.264,3.2,11.5,7.4,10.9,1.8,1.2,10.2,18.8,0.6,0.3,0.9,.077,0.2,-1.2,-1.0,0.1,
Caris LeVert,30,CLE,SF,22,0,530,18.7,.658,.480,.343,2.4,10.5,6.6,23.0,1.9,1.9,13.0,18.8,1.5,0.7,2.1,.192,3.1,1.1,4.2,0.8,
Dereck Lively II,20,DAL,C,22,15,529,19.7,.700,.000,.518,13.8,20.4,17.2,13.4,1.1,6.1,16.7,13.4,1.5,0.8,2.3,.208,1.4,2.1,3.5,0.7,
Isaiah Joe,25,OKC,SG,25,9,525,11.8,.561,.784,.070,2.4,11.0,6.7,9.7,1.5,1.2,5.9,16.5,0.5,0.9,1.4,.127,-0.3,0.1,-0.3,0.2,
A.J. Green,25,MIL,SG,25,4,523,10.6,.680,.907,.043,0.9,9.7,5.5,7.1,1.2,0.5,10.6,13.5,0.7,0.3,1.0,.089,-0.7,-0.7,-1.4,0.1,
Julian Strawther,22,DEN,SG,25,0,516,11.6,.603,.503,.251,1.5,9.2,5.5,8.9,1.7,1.7,10.4,17.2,0.5,0.3,0.9,.080,-1.7,-0.6,-2.3,0.0,
Nic Claxton,25,BRK,C,21,13,516,17.4,.615,.028,.301,9.3,27.3,18.1,14.0,1.4,4.9,12.9,16.0,0.8,0.6,1.4,.130,0.1,1.5,1.6,0.5,
Quentin Grimes,24,DAL,SG,25,9,515,12.8,.612,.581,.281,3.1,15.1,9.3,9.5,1.8,0.9,14.3,17.2,0.5,0.5,1.0,.097,-0.5,-0.2,-0.7,0.2,
Gabe Vincent,28,LAL,PG,27,4,515,5.1,.465,.619,.068,2.2,5.4,3.8,6.4,2.2,0.9,11.0,11.5,-0.3,0.3,-0.1,-0.005,-5.9,-0.1,-6.0,-0.5,
Kyshawn George,21,WAS,SG,20,6,514,7.0,.442,.654,.183,2.8,13.6,8.2,13.5,1.2,2.5,11.3,15.0,-0.4,0.1,-0.3,-0.028,-4.6,-1.3,-5.9,-0.5,
Scoot Henderson,20,POR,PG,20,3,513,9.7,.484,.337,.281,2.8,9.1,5.8,29.0,1.7,0.7,20.3,22.4,-0.5,0.1,-0.3,-0.030,-3.6,-2.0,-5.6,-0.5,
Trey Murphy III,24,NOP,SF,15,13,511,15.0,.572,.552,.253,2.4,12.1,7.0,10.9,1.6,1.8,9.2,22.3,0.6,0.1,0.7,.062,0.8,-1.3,-0.6,0.2,
Nicolas Batum,36,LAC,PF,28,1,511,8.5,.535,.802,.110,4.4,12.4,8.4,10.4,1.2,2.4,12.0,9.2,0.4,0.6,1.0,.094,-1.8,1.1,-0.8,0.2,
Ben Simmons,28,BRK,PG,21,15,510,12.9,.598,.000,.140,4.3,23.0,13.5,39.3,1.7,2.4,36.6,13.6,0.3,0.4,0.8,.072,-1.6,2.0,0.4,0.3,
Jeremiah Robinson-Earl,24,NOP,PF,26,4,509,13.3,.541,.425,.170,10.7,16.7,13.5,8.6,1.8,0.6,11.8,15.4,0.5,0.1,0.6,.058,-1.1,-1.9,-3.0,-0.1,
Brandon Clarke,28,MEM,PF,27,17,505,16.1,.619,.103,.142,9.9,18.7,14.5,7.4,1.9,2.2,7.8,14.1,1.0,0.9,1.9,.179,-0.8,1.3,0.5,0.3,
CJ McCollum,33,NOP,PG,15,15,504,15.4,.524,.439,.150,2.2,10.5,6.1,20.1,1.7,1.1,8.0,27.1,0.2,0.1,0.3,.028,0.5,-2.1,-1.6,0.0,
Scottie Barnes,23,TOR,PF,15,15,501,19.5,.556,.373,.307,6.2,20.3,13.2,34.1,1.7,2.3,16.2,27.1,0.6,0.5,1.0,.097,4.0,0.7,4.7,0.8,
Kevin Porter Jr.,24,LAC,SG,25,1,499,11.0,.467,.277,.200,3.8,16.8,10.3,23.2,2.5,1.4,17.7,26.9,-1.0,0.8,-0.2,-0.015,-4.0,0.2,-3.8,-0.2,
Jarace Walker,21,IND,PF,28,1,498,9.7,.547,.559,.244,2.8,19.8,11.5,11.0,2.9,1.7,21.7,15.7,-0.4,0.6,0.2,.016,-3.2,0.6,-2.6,-0.1,
Jonathan Mogbo,23,TOR,PF,28,4,497,14.1,.531,.171,.333,12.4,16.2,14.3,13.8,2.3,2.3,14.9,14.5,0.5,0.5,1.0,.095,-1.2,0.7,-0.5,0.2,
Moussa DiabatÃ©,23,CHO,C,26,4,493,14.2,.576,.000,.309,19.1,23.4,21.2,5.1,1.7,4.5,23.7,8.7,0.5,0.6,1.1,.109,-2.6,-0.2,-2.8,-0.1,
Patrick Williams,23,CHI,PF,18,17,491,8.9,.504,.547,.182,3.9,13.7,8.9,9.9,1.5,1.7,15.3,17.2,-0.3,0.3,0.0,-0.002,-2.7,-0.9,-3.5,-0.2,
Jonas ValanÄiÅ«nas,32,WAS,C,25,6,489,22.0,.615,.061,.288,11.9,28.9,20.3,19.4,0.8,3.7,15.6,23.9,0.9,0.3,1.2,.120,2.1,-0.4,1.6,0.5,
Sam Merrill,28,CLE,SG,24,1,484,9.6,.541,.873,.107,1.9,8.4,5.3,10.7,1.4,1.0,7.1,15.1,0.4,0.5,0.9,.088,-1.6,0.0,-1.7,0.0,
Terance Mann,28,LAC,SG,23,11,484,10.9,.520,.367,.188,5.5,11.0,8.3,11.5,2.2,1.1,8.6,13.5,0.4,0.7,1.1,.105,-2.4,1.3,-1.1,0.1,
De'Andre Hunter,27,ATL,SF,17,2,483,17.2,.633,.457,.328,2.4,13.2,7.7,6.9,1.2,0.4,7.7,24.0,1.0,0.3,1.3,.128,1.9,-1.3,0.7,0.3,
Ty Jerome,27,CLE,SG,27,2,483,22.3,.666,.419,.227,3.8,9.1,6.5,27.4,3.5,0.2,13.5,22.5,1.6,0.7,2.3,.233,3.4,1.5,4.9,0.8,
Isaac Okoro,24,CLE,SG,23,16,483,12.5,.650,.570,.196,4.9,6.9,5.9,10.1,1.7,1.9,7.2,11.2,1.0,0.5,1.6,.154,0.2,0.9,1.1,0.4,
Paul George,34,PHI,PF,15,15,480,16.3,.533,.464,.204,2.5,18.7,10.1,27.9,3.0,1.7,15.1,24.8,0.1,0.7,0.8,.076,0.7,1.3,2.0,0.5,
Grant Williams,26,CHO,PF,16,7,479,11.9,.596,.602,.301,3.9,15.3,9.4,11.3,1.9,2.8,16.7,14.8,0.4,0.4,0.8,.081,-2.0,0.4,-1.7,0.0,
Ja Morant,25,MEM,PG,17,17,475,21.1,.563,.298,.408,3.0,13.7,8.6,42.4,1.9,1.4,16.4,32.3,0.9,0.7,1.6,.161,4.0,0.2,4.2,0.8,
Jusuf NurkiÄ,30,PHO,C,19,19,475,12.3,.548,.370,.444,8.6,35.4,22.2,7.5,1.9,2.8,22.2,19.3,-0.3,0.7,0.3,.033,-4.2,-0.1,-4.2,-0.3,
Simone Fontecchio,29,DET,SF,26,0,475,9.1,.558,.662,.286,3.3,14.0,8.7,6.6,0.8,1.0,12.3,15.4,0.2,0.3,0.5,.050,-2.3,-1.0,-3.3,-0.2,
Sam Hauser,27,BOS,PF,21,2,471,13.2,.596,.834,.013,4.1,13.0,8.5,6.5,1.9,0.9,5.0,14.6,0.7,0.6,1.2,.127,0.8,0.1,0.9,0.3,
Ziaire Williams,23,BRK,SF,21,7,459,11.0,.507,.415,.277,5.6,18.7,12.0,8.0,2.2,1.6,9.6,19.1,0.0,0.4,0.3,.036,-3.6,-0.3,-3.9,-0.2,
Tidjane SalaÃ¼n,19,CHO,PF,24,8,457,7.7,.448,.667,.179,5.7,19.0,12.1,8.3,1.5,0.9,12.5,14.0,-0.2,0.3,0.1,.015,-4.0,-0.5,-4.5,-0.3,
Ron Holland,19,DET,SF,28,1,453,9.8,.543,.385,.230,3.9,16.9,10.5,6.1,1.4,1.1,14.2,17.9,-0.1,0.4,0.3,.031,-4.1,-0.6,-4.7,-0.3,
Chris Boucher,32,TOR,PF,25,0,452,16.6,.551,.480,.286,8.3,19.8,14.0,5.0,1.4,4.1,6.8,21.8,0.5,0.4,1.0,.102,1.1,-1.0,0.1,0.2,
Jaime Jaquez Jr.,23,MIA,SF,21,1,451,12.2,.493,.261,.309,6.5,18.1,12.3,15.3,2.3,0.4,14.2,21.1,-0.2,0.6,0.4,.047,-3.4,0.2,-3.1,-0.1,
Andre Jackson Jr.,23,MIL,SG,25,17,448,5.4,.481,.523,.091,5.1,13.2,9.3,10.1,2.1,1.5,26.5,12.3,-0.5,0.5,0.0,-0.004,-6.1,0.3,-5.9,-0.4,
Miles Bridges,26,CHO,PF,15,15,445,15.4,.529,.448,.233,3.3,22.6,12.5,16.9,0.9,1.8,9.7,24.4,0.3,0.3,0.7,.074,0.5,-1.3,-0.8,0.1,
Andre Drummond,31,PHI,C,22,13,441,15.4,.537,.070,.419,15.9,32.9,23.9,3.9,3.4,2.1,20.3,19.1,-0.1,0.9,0.7,.078,-3.2,-0.1,-3.3,-0.2,
Dean Wade,28,CLE,PF,20,11,439,11.0,.512,.853,.206,4.4,19.6,12.2,7.3,2.3,1.7,4.3,11.4,0.3,0.7,1.1,.115,-0.6,1.6,0.9,0.3,
KJ Martin,24,PHI,PF,22,5,433,13.5,.717,.195,.333,4.8,11.4,7.9,6.0,1.2,3.8,9.1,11.1,0.9,0.4,1.3,.147,-1.4,0.5,-0.9,0.1,
Keon Johnson,22,BRK,SG,25,6,428,5.8,.451,.625,.079,3.5,16.3,9.8,9.3,1.5,1.9,13.7,18.9,-0.7,0.3,-0.5,-0.051,-5.5,-1.1,-6.6,-0.5,
Mason Plumlee,34,PHO,C,25,7,423,13.2,.571,.000,.600,10.2,28.4,19.4,12.5,1.0,4.4,19.9,11.5,0.4,0.5,0.9,.105,-2.4,0.8,-1.6,0.0,
Trayce Jackson-Davis,24,GSW,C,25,18,422,18.7,.615,.008,.288,10.0,19.8,14.8,17.6,0.8,3.8,11.3,16.5,1.0,0.6,1.5,.174,0.9,1.2,2.1,0.4,
Wendell Carter Jr.,25,ORL,C,16,16,419,14.2,.575,.402,.573,8.3,27.8,17.6,12.8,1.7,2.1,11.2,12.0,0.7,0.8,1.5,.171,-1.6,2.1,0.5,0.3,
Ajay Mitchell,22,OKC,SG,27,0,415,10.8,.565,.277,.160,2.8,7.8,5.3,14.4,2.4,0.5,15.3,15.5,0.2,0.7,0.9,.108,-3.7,1.1,-2.6,-0.1,
Aaron Gordon,29,DEN,PF,14,13,412,16.4,.643,.326,.426,7.2,15.1,11.3,14.9,0.7,0.7,12.1,17.8,1.0,0.2,1.2,.140,2.2,-1.2,1.1,0.3,
Jay Huff,26,MEM,C,27,1,410,18.8,.667,.641,.246,4.5,14.2,9.5,7.3,0.9,7.3,8.4,19.7,1.0,0.7,1.7,.196,2.6,1.3,4.0,0.6,
Jeremy Sochan,21,SAS,PF,14,11,409,18.3,.576,.145,.346,11.2,19.9,15.6,15.2,1.9,2.2,12.8,22.0,0.6,0.5,1.0,.120,0.7,0.4,1.1,0.3,
Jordan Clarkson,32,UTA,SG,16,2,405,13.8,.522,.461,.272,2.8,11.6,7.3,24.9,1.7,0.7,14.5,28.0,0.0,0.0,0.0,.002,-0.5,-2.5,-3.0,-0.1,
Dalano Banton,25,POR,PG,24,0,400,15.9,.527,.427,.271,2.3,13.1,7.5,25.8,2.7,3.1,15.2,27.3,-0.1,0.3,0.3,.031,1.4,0.0,1.4,0.3,
Lindy Waters III,27,GSW,SG,22,8,394,9.8,.515,.707,.041,2.8,12.6,7.6,10.3,1.8,1.2,6.0,14.0,0.2,0.5,0.7,.085,-2.8,0.6,-2.2,0.0,
Kevon Looney,28,GSW,C,24,5,394,18.5,.516,.000,.375,20.9,26.4,23.6,15.1,2.4,1.5,11.0,14.4,0.8,0.7,1.6,.191,-0.1,0.6,0.5,0.2,
Shake Milton,28,BRK,SG,23,0,390,12.1,.567,.450,.200,4.2,8.8,6.4,18.4,1.3,0.3,10.3,16.6,0.5,0.1,0.6,.073,-0.8,-1.1,-1.9,0.0,
Cam Reddish,25,LAL,SF,20,8,388,8.0,.595,.547,.321,2.6,8.7,5.6,5.3,2.8,1.4,14.2,7.9,0.2,0.3,0.5,.062,-4.2,1.2,-2.9,-0.1,
Jonathan Isaac,27,ORL,PF,23,0,386,16.9,.543,.517,.246,11.0,21.1,15.8,1.9,2.6,8.3,7.1,15.8,0.4,1.0,1.3,.166,-0.7,2.1,1.3,0.3,
Neemias Queta,25,BOS,C,23,5,386,14.9,.656,.024,.286,10.6,19.8,15.2,6.1,0.9,5.1,15.2,12.4,0.7,0.6,1.3,.161,-2.1,1.1,-1.0,0.1,
Julian Phillips,21,CHI,SF,27,2,385,10.4,.560,.615,.239,6.1,9.2,7.7,4.0,2.2,1.6,9.1,14.3,0.2,0.3,0.5,.059,-2.2,-0.4,-2.6,-0.1,
Jalen Smith,24,CHI,C,25,1,384,18.0,.595,.558,.286,10.0,26.5,18.4,6.8,1.1,4.5,8.3,19.6,0.7,0.4,1.1,.137,0.7,-0.9,-0.1,0.2,
Alex Caruso,30,OKC,SG,19,0,383,12.4,.478,.578,.083,3.1,12.3,7.7,15.1,4.5,3.2,11.7,14.3,0.0,1.0,1.0,.126,-2.8,4.5,1.8,0.4,
Kyle Lowry,38,PHI,PG,18,10,380,10.1,.550,.765,.338,2.0,9.1,5.3,18.0,2.5,1.6,14.3,10.5,0.4,0.4,0.7,.094,-2.7,1.8,-0.9,0.1,
Ryan Dunn,22,PHO,SF,22,9,378,9.0,.522,.631,.098,3.9,11.8,7.9,6.1,1.4,3.0,8.6,16.3,0.0,0.2,0.2,.023,-3.4,-0.6,-4.1,-0.2,
Johnny Juzang,23,UTA,SG,22,0,377,9.8,.558,.724,.102,3.3,10.8,7.1,9.1,0.9,1.0,7.7,16.0,0.4,-0.1,0.3,.038,-1.8,-2.2,-4.1,-0.2,
Jamal Shead,22,TOR,PG,26,0,376,7.3,.480,.419,.097,1.4,6.2,3.8,27.5,1.7,0.5,20.8,18.1,-0.3,0.1,-0.1,-0.019,-4.7,-1.6,-6.3,-0.4,
Vasilije MiciÄ,31,CHO,PG,17,8,374,8.2,.456,.431,.109,4.2,10.1,7.0,26.1,1.2,0.0,19.1,20.1,-0.3,0.1,-0.2,-0.026,-3.5,-2.4,-6.0,-0.4,
Marcus Smart,30,MEM,PG,17,6,373,11.7,.512,.606,.255,4.1,7.5,5.9,22.2,2.7,1.5,18.2,20.0,0.1,0.6,0.6,.080,-1.5,0.7,-0.7,0.1,
Isaiah Hartenstein,26,OKC,C,12,11,368,19.2,.598,.036,.318,11.0,32.8,22.0,17.9,1.6,3.6,16.6,17.5,0.6,1.0,1.6,.212,0.2,2.8,3.0,0.5,
Andrew Nembhard,25,IND,SG,14,14,366,11.6,.553,.279,.298,1.0,9.3,5.2,24.1,1.7,0.0,16.4,16.7,0.3,0.1,0.4,.054,-2.3,-1.2,-3.5,-0.1,
Dejounte Murray,28,NOP,PG,11,11,361,12.6,.469,.339,.236,1.1,20.9,10.5,33.0,3.0,1.6,19.3,27.8,-0.7,0.3,-0.4,-0.050,-2.8,-0.5,-3.3,-0.1,
Cameron Payne,30,NYK,PG,21,0,360,16.0,.567,.609,.080,2.3,9.4,6.0,25.3,1.8,2.1,6.5,18.7,0.9,0.3,1.2,.158,1.4,0.4,1.9,0.4,
Moses Moody,22,GSW,SG,23,4,358,10.7,.557,.594,.254,2.8,9.8,6.2,8.0,0.8,1.6,10.5,19.9,0.1,0.3,0.4,.058,-1.7,-1.3,-3.0,-0.1,
Trey Lyles,29,SAC,PF,18,2,353,9.5,.504,.725,.154,4.9,17.6,11.3,6.1,1.4,3.1,9.3,13.1,0.1,0.4,0.4,.059,-1.8,-0.6,-2.4,0.0,
Luke Kornet,29,BOS,C,21,3,347,18.7,.698,.000,.607,12.4,17.3,14.9,12.2,1.4,5.6,11.3,9.9,1.2,0.6,1.7,.239,1.2,2.4,3.7,0.5,
Matas Buzelis,20,CHI,SF,27,0,346,9.8,.498,.519,.202,4.3,17.7,11.1,5.3,1.1,4.9,10.8,19.0,-0.3,0.3,0.1,.008,-4.1,-1.1,-5.2,-0.3,
Kyle Anderson,31,GSW,PF,24,0,346,14.3,.493,.339,.174,3.2,18.1,10.4,22.0,2.5,3.3,8.8,16.3,0.3,0.6,0.9,.121,-0.6,2.6,2.0,0.4,
Jamison Battle,23,TOR,SF,25,0,344,13.2,.656,.750,.102,4.4,10.9,7.6,9.4,0.4,1.1,6.6,14.6,0.7,0.1,0.8,.113,1.8,-1.4,0.4,0.2,
Garrison Mathews,28,ATL,SG,19,1,343,12.4,.661,.838,.313,0.9,5.7,3.3,10.4,1.8,0.8,8.2,14.4,0.7,0.2,0.9,.119,-0.6,-0.6,-1.2,0.1,
Zach Collins,27,SAS,C,24,4,341,15.1,.588,.343,.305,8.9,16.3,12.7,18.0,1.6,3.1,15.0,17.5,0.5,0.3,0.9,.125,-1.1,1.2,0.0,0.2,
Gary Payton II,32,GSW,SG,26,4,341,15.0,.562,.307,.109,9.7,12.1,10.9,12.5,2.8,2.8,11.7,14.6,0.4,0.5,0.9,.134,-1.2,1.9,0.7,0.2,
Dalen Terry,22,CHI,SG,25,0,337,9.7,.614,.365,.378,5.1,5.9,5.5,8.6,2.0,1.8,19.6,13.3,0.2,0.2,0.4,.053,-3.3,-0.3,-3.5,-0.1,
Oso Ighodaro,22,PHO,PF,21,2,336,11.4,.639,.000,.217,7.8,17.9,12.9,7.8,1.3,1.7,15.4,10.2,0.4,0.2,0.7,.096,-2.5,0.0,-2.5,0.0,
Donovan Clingan,20,POR,C,20,7,335,17.9,.575,.140,.237,18.7,24.5,21.5,4.4,1.4,11.0,18.3,15.6,0.3,0.5,0.8,.114,-2.4,1.1,-1.3,0.1,
Brice Sensabaugh,21,UTA,SF,20,0,332,11.9,.614,.656,.123,4.5,11.6,8.1,11.3,1.7,0.3,19.4,20.2,0.1,0.0,0.1,.009,-0.2,-1.9,-2.1,0.0,
Bogdan BogdanoviÄ,32,ATL,SG,13,0,332,10.4,.554,.664,.148,2.8,11.4,7.0,11.6,1.7,1.2,13.9,19.3,0.0,0.2,0.3,.036,-2.4,-0.2,-2.7,-0.1,
Kyle Kuzma,29,WAS,PF,12,12,330,9.8,.487,.320,.177,2.5,18.7,10.6,11.6,0.7,0.8,12.9,28.1,-0.7,0.0,-0.7,-0.096,-3.6,-3.0,-6.6,-0.4,
Zach Edey,22,MEM,C,16,10,330,20.0,.661,.102,.305,18.1,18.2,18.2,6.7,1.8,4.8,16.8,19.5,0.7,0.6,1.3,.194,0.3,0.8,1.2,0.3,
Seth Curry,34,CHO,SG,26,5,330,11.2,.584,.546,.113,3.2,9.0,6.0,5.5,1.9,1.2,6.4,14.0,0.4,0.2,0.6,.086,-1.8,-0.1,-1.9,0.0,
Herbert Jones,26,NOP,SF,10,10,324,11.4,.562,.454,.247,3.5,9.5,6.4,10.5,2.7,1.2,14.3,16.3,0.1,0.1,0.2,.033,-2.9,-0.7,-3.5,-0.1,
Jaden Hardy,22,DAL,SG,22,2,320,7.7,.500,.444,.188,1.4,8.4,5.1,11.4,2.1,0.3,17.7,23.1,-0.5,0.3,-0.2,-0.032,-5.5,-1.4,-7.0,-0.4,
Noah Clowney,20,BRK,PF,18,1,320,10.1,.533,.686,.203,5.8,17.6,11.6,5.7,0.8,3.8,9.8,19.8,0.0,0.2,0.2,.028,-3.0,-1.2,-4.1,-0.2,
Tre Mann,23,CHO,PG,13,0,319,13.9,.537,.373,.130,3.9,9.3,6.5,21.2,1.1,1.3,12.8,25.9,0.1,0.1,0.3,.041,-0.3,-2.2,-2.4,0.0,
Jordan Hawkins,22,NOP,SG,12,3,319,9.8,.508,.519,.233,1.6,13.6,7.3,6.6,0.5,1.5,8.7,21.2,-0.1,0.0,-0.1,-0.014,-2.6,-3.8,-6.3,-0.4,
Luke Kennard,28,MEM,SG,16,0,319,13.6,.624,.708,.202,2.4,10.1,6.4,17.2,1.6,0.6,10.2,13.5,0.7,0.4,1.1,.161,1.0,0.8,1.9,0.3,
Nick Richards,27,CHO,C,13,9,318,19.2,.643,.012,.738,11.9,28.4,19.8,9.8,0.9,6.1,17.1,17.9,0.6,0.4,1.0,.150,-1.2,0.0,-1.2,0.1,
Jericho Sims,26,NYK,C,25,2,318,9.8,.665,.000,.212,12.5,20.6,16.7,5.7,0.9,2.7,29.4,7.1,0.3,0.3,0.7,.102,-3.0,0.0,-3.1,-0.1,
Devin Vassell,24,SAS,SG,12,1,309,16.7,.603,.468,.162,2.1,7.3,4.7,17.5,1.9,1.2,10.8,25.6,0.3,0.2,0.5,.084,1.0,-1.4,-0.4,0.1,
Kyle Filipowski,21,UTA,C,17,8,306,13.3,.592,.398,.410,5.9,21.1,13.7,15.1,1.3,0.6,14.0,15.7,0.4,0.1,0.4,.070,-1.0,-0.9,-1.9,0.0,
Eric Gordon,36,PHI,SG,18,1,306,7.4,.465,.576,.259,1.1,6.0,3.4,11.4,2.1,1.7,12.9,15.6,-0.2,0.3,0.0,.001,-3.8,-0.1,-4.0,-0.2,
Delon Wright,32,MIL,PG,19,2,305,7.8,.407,.596,.175,4.5,8.0,6.3,12.9,2.4,1.8,12.8,10.2,-0.1,0.3,0.2,.034,-3.7,0.8,-2.9,-0.1,
Isaiah Collier,20,UTA,PG,18,1,302,2.2,.354,.392,.243,0.4,10.5,5.5,25.7,2.6,0.9,32.8,17.0,-1.0,0.1,-1.0,-0.152,-8.7,-1.7,-10.4,-0.6,
Cody Williams,20,UTA,SG,16,7,299,2.9,.343,.552,.149,3.0,10.6,6.9,8.5,1.1,1.6,13.3,11.6,-0.4,0.0,-0.5,-0.077,-6.0,-1.3,-7.3,-0.4,
Nikola JoviÄ,21,MIA,PF,16,8,298,14.1,.575,.505,.303,2.9,17.9,10.4,9.5,2.3,0.7,8.2,17.9,0.3,0.4,0.7,.115,-1.1,0.8,-0.3,0.1,
Reed Sheppard,20,HOU,PG,25,0,297,8.4,.448,.559,.039,2.8,7.1,4.9,14.3,2.1,2.7,12.6,16.5,-0.2,0.5,0.3,.053,-3.5,1.4,-2.1,0.0,
Ben Sheppard,23,IND,SG,14,5,288,7.3,.550,.714,.000,2.4,9.9,6.2,7.6,1.0,1.6,6.7,11.3,0.2,0.1,0.2,.041,-3.0,-0.7,-3.7,-0.1,
Cole Anthony,24,ORL,PG,26,0,286,10.6,.489,.446,.264,3.1,18.7,10.6,27.9,1.7,1.4,19.2,25.3,-0.4,0.5,0.1,.019,-3.5,0.7,-2.8,-0.1,
Drew Eubanks,27,UTA,C,21,0,284,14.6,.596,.045,.403,9.6,23.2,16.5,13.0,0.9,4.6,16.9,14.0,0.3,0.1,0.5,.079,-1.4,0.2,-1.2,0.1,
Jose Alvarado,26,NOP,PG,11,7,282,14.3,.544,.594,.168,2.2,7.3,4.6,25.8,2.9,1.0,11.4,18.3,0.4,0.1,0.4,.076,-0.3,-0.6,-0.9,0.1,
Jett Howard,21,ORL,SF,27,0,282,8.2,.504,.770,.070,4.0,8.6,6.2,6.4,0.9,2.1,8.0,17.2,0.0,0.3,0.3,.055,-2.4,-0.5,-2.9,-0.1,
Gary Harris,30,ORL,SG,17,2,282,7.6,.551,.767,.100,3.6,6.0,4.7,3.5,1.6,1.7,10.1,10.7,0.1,0.4,0.4,.076,-2.8,0.6,-2.2,0.0,
Ja'Kobe Walter,20,TOR,SG,14,5,275,7.4,.432,.454,.139,5.5,12.5,8.9,11.1,1.6,1.1,10.2,19.3,-0.3,0.2,-0.1,-0.023,-5.1,-1.4,-6.5,-0.3,
Daniel Theis,32,NOP,C,19,7,270,10.5,.505,.311,.197,6.1,20.4,12.8,12.4,1.3,4.2,15.3,12.2,0.1,0.1,0.2,.037,-4.2,0.0,-4.2,-0.2,
Pat Connaughton,32,MIL,SG,16,0,269,8.7,.505,.634,.169,3.4,15.0,9.4,12.9,0.5,1.7,12.6,14.3,0.0,0.2,0.2,.038,-2.7,-1.0,-3.7,-0.1,
Kris Murray,24,POR,SF,21,0,267,11.3,.535,.413,.250,8.6,11.1,9.8,7.7,1.6,1.1,11.9,15.7,0.1,0.1,0.2,.037,-1.4,-1.0,-2.3,0.0,
Jordan Miller,25,LAC,SF,17,0,266,11.0,.511,.280,.220,7.1,7.7,7.4,11.2,1.1,1.2,12.0,20.2,0.0,0.3,0.3,.050,-2.2,-1.6,-3.7,-0.1,
Chet Holmgren,22,OKC,C,10,10,265,22.6,.619,.333,.441,6.4,28.1,17.3,11.1,1.5,10.1,14.8,25.1,0.4,0.8,1.1,.202,2.1,3.5,5.6,0.5,
Talen Horton-Tucker,24,CHI,SG,22,0,264,18.8,.636,.438,.313,4.5,13.0,8.8,17.9,1.0,1.6,8.6,22.0,0.7,0.1,0.8,.141,2.8,-1.3,1.5,0.2,
Marcus Sasser,24,DET,PG,19,0,260,16.5,.639,.457,.065,3.0,5.0,4.0,20.6,3.0,1.1,13.7,18.0,0.5,0.3,0.7,.134,0.5,0.8,1.4,0.2,
Monte Morris,29,PHO,PG,21,0,258,13.8,.557,.482,.271,2.6,10.2,6.5,19.1,1.7,1.1,9.5,18.0,0.3,0.1,0.5,.086,-0.3,-0.6,-0.8,0.1,
Malaki Branham,21,SAS,SG,20,0,251,10.2,.561,.430,.200,1.3,11.5,6.5,15.2,1.4,0.7,18.7,22.8,-0.2,0.2,0.0,-0.009,-2.5,-1.7,-4.2,-0.1,
Maxi Kleber,33,DAL,PF,15,2,251,2.3,.405,.333,.222,3.1,15.3,9.4,3.7,0.4,2.5,25.2,6.7,-0.2,0.2,0.0,-0.005,-6.5,-0.2,-6.8,-0.3,
Blake Wesley,21,SAS,SG,21,0,247,9.8,.523,.270,.284,2.6,5.6,4.2,23.9,1.8,0.7,20.9,18.2,-0.1,0.1,0.0,.008,-3.6,-1.2,-4.9,-0.2,
Pelle Larsson,23,MIA,SG,15,0,245,12.4,.627,.460,.317,4.4,8.9,6.7,13.2,1.8,0.0,10.0,14.2,0.4,0.2,0.6,.125,-2.7,0.4,-2.2,0.0,
Ricky Council IV,23,PHI,SF,20,0,243,13.8,.542,.378,.439,4.9,13.7,9.0,10.2,1.2,1.7,6.7,18.9,0.3,0.2,0.5,.101,-0.7,-1.1,-1.9,0.0,
Quenton Jackson,26,IND,PG,15,7,242,13.6,.600,.320,.227,4.8,8.0,6.4,16.2,1.8,1.9,11.8,16.8,0.4,0.1,0.5,.094,-1.6,-0.8,-2.4,0.0,
Malcolm Brogdon,32,WAS,PG,10,8,241,18.1,.617,.250,.365,4.3,13.0,8.6,19.7,1.0,1.1,11.7,23.5,0.5,0.0,0.5,.096,1.9,-1.2,0.6,0.2,
Dru Smith,27,MIA,SG,12,0,235,13.7,.666,.500,.154,4.6,9.7,7.2,13.3,3.6,2.5,20.1,12.9,0.2,0.4,0.6,.127,-0.9,3.3,2.4,0.3,
Jabari Walker,22,POR,SF,21,1,233,8.8,.459,.297,.203,8.5,22.5,15.2,7.8,1.7,1.2,15.7,14.7,-0.1,0.2,0.0,.009,-4.7,-1.1,-5.9,-0.2,
Jamal Cain,25,NOP,SF,16,0,225,11.8,.556,.509,.291,6.9,15.3,10.8,6.3,1.7,2.9,10.1,12.9,0.2,0.1,0.3,.058,-2.2,-0.3,-2.6,0.0,
Rayan Rupert,20,POR,SG,21,0,223,9.5,.527,.453,.188,8.0,8.7,8.3,7.1,1.5,0.8,14.8,15.1,0.0,0.0,0.1,.015,-2.2,-1.8,-4.0,-0.1,
Kristaps PorziÅÄ£is,29,BOS,C,8,8,220,23.1,.587,.443,.304,6.4,21.9,14.1,9.7,1.3,4.8,4.4,26.7,0.6,0.4,0.9,.201,3.1,0.3,3.3,0.3,
Kenrich Williams,30,OKC,PF,17,0,217,18.8,.692,.529,.118,6.4,16.9,11.7,11.6,2.2,1.9,5.3,14.9,0.7,0.5,1.2,.258,2.0,2.2,4.1,0.3,
Jared Butler,24,WAS,SG,19,0,212,15.0,.530,.263,.232,2.4,6.9,4.7,37.0,1.5,0.9,12.5,23.4,0.2,0.0,0.2,.041,0.2,-1.5,-1.3,0.0,
Trendon Watford,24,BRK,PF,13,0,209,12.1,.572,.329,.443,2.2,18.7,10.3,11.4,1.2,1.9,14.5,23.5,0.0,0.1,0.2,.037,-3.8,-0.8,-4.5,-0.1,
Joel Embiid,30,PHI,C,7,7,207,21.6,.551,.244,.429,6.3,23.2,14.3,28.8,1.0,4.0,14.5,35.1,0.2,0.2,0.4,.098,2.6,0.7,3.3,0.3,
Justin Champagnie,23,WAS,SF,8,5,207,17.8,.633,.415,.185,10.5,16.2,13.3,8.1,2.5,2.2,9.1,15.5,0.4,0.1,0.5,.122,1.2,0.4,1.6,0.2,
David Roddy,23,ATL,PF,14,1,204,12.8,.698,.500,.271,2.0,19.1,10.4,12.4,1.4,1.4,19.5,13.2,0.2,0.2,0.4,.093,-0.8,0.1,-0.7,0.1,
Josh Okogie,26,PHO,SG,15,1,203,18.4,.609,.333,.319,10.6,13.4,12.0,6.1,3.4,1.8,10.9,20.0,0.3,0.2,0.5,.127,1.8,0.4,2.3,0.2,
Larry Nance Jr.,32,ATL,PF,11,2,196,22.2,.785,.522,.060,6.9,14.4,10.6,12.2,2.4,2.0,5.5,15.0,0.7,0.2,0.9,.224,5.5,0.7,6.2,0.4,
Lonzo Ball,27,CHI,PG,11,0,195,12.8,.483,.847,.119,2.2,16.5,9.5,26.2,2.6,3.1,15.1,15.6,0.1,0.2,0.3,.075,-0.6,2.3,1.7,0.2,
Charles Bassey,24,SAS,C,18,0,194,19.0,.567,.000,.328,15.7,24.9,20.3,7.2,1.5,9.7,15.1,19.0,0.1,0.3,0.5,.121,-2.5,0.5,-2.0,0.0,
Keaton Wallace,25,ATL,PG,12,1,194,8.4,.493,.473,.073,1.1,8.9,4.9,14.7,2.4,3.0,17.5,14.3,-0.1,0.2,0.1,.013,-4.5,0.6,-3.8,-0.1,
Jaxson Hayes,24,LAL,C,11,1,192,17.0,.759,.000,.639,12.2,17.0,14.6,6.7,1.0,4.3,14.8,12.3,0.6,0.2,0.7,.183,-1.2,-0.2,-1.4,0.0,
Zion Williamson,24,NOP,PF,6,6,186,19.9,.521,.058,.577,8.8,19.7,14.0,30.6,1.0,3.5,14.4,34.5,0.0,0.1,0.1,.026,0.5,-1.7,-1.2,0.0,
Ousmane Dieng,21,OKC,PF,16,0,186,10.6,.439,.610,.186,5.2,18.6,11.9,8.9,2.8,2.2,5.9,15.6,0.0,0.4,0.4,.101,-3.5,1.8,-1.7,0.0,
Paolo Banchero,22,ORL,PF,5,5,182,25.4,.590,.330,.608,7.4,21.4,14.1,28.7,0.8,2.1,8.2,31.9,0.6,0.3,0.8,.224,5.8,0.8,6.6,0.4,
Sandro Mamukelashvili,25,SAS,PF,19,0,182,17.6,.714,.691,.273,7.2,25.3,16.3,5.8,0.8,2.5,12.7,16.6,0.4,0.2,0.6,.146,2.6,-0.5,2.0,0.2,
Doug McDermott,33,SAC,SF,21,3,182,10.2,.610,.846,.077,0.6,8.5,4.6,2.3,0.5,0.5,2.9,16.4,0.2,0.1,0.3,.076,-0.7,-2.8,-3.5,-0.1,
Johnny Davis,22,WAS,SG,19,0,182,13.3,.542,.316,.193,4.0,13.8,8.9,6.4,3.1,3.0,6.1,15.0,0.1,0.1,0.2,.060,-1.7,1.3,-0.4,0.1,
Alec Burks,33,MIA,SG,12,0,181,14.4,.636,.696,.174,2.4,11.4,6.9,12.5,1.6,1.6,3.9,12.4,0.4,0.2,0.6,.153,0.9,1.6,2.5,0.2,
Mo Bamba,26,LAC,C,13,0,177,13.7,.511,.462,.250,6.3,28.8,17.5,8.7,2.2,8.1,12.2,16.0,0.0,0.4,0.4,.120,-3.9,2.9,-1.0,0.0,
Dillon Jones,23,OKC,SF,21,0,177,8.0,.427,.600,.145,9.6,15.4,12.5,10.8,1.1,0.6,12.0,16.1,-0.1,0.3,0.2,.059,-4.1,-1.3,-5.4,-0.2,
Johnny Furphy,20,IND,SG,17,0,173,9.4,.550,.609,.152,7.4,8.5,8.0,5.2,1.9,2.7,15.5,14.6,0.0,0.1,0.1,.034,-1.9,-0.9,-2.8,0.0,
Wendell Moore Jr.,23,DET,SG,12,0,171,13.6,.630,.250,.333,5.9,17.9,11.9,11.2,2.3,1.7,16.2,12.3,0.2,0.2,0.4,.124,-1.7,1.6,-0.1,0.1,
Kevin Love,36,MIA,PF,15,4,169,18.1,.497,.583,.179,9.0,33.4,21.2,16.7,3.8,1.1,11.7,26.5,-0.1,0.4,0.3,.096,0.5,1.0,1.5,0.2,
John Konchar,28,MEM,SG,14,0,169,12.4,.684,.846,.154,7.7,16.0,12.0,9.6,2.2,3.3,20.1,8.2,0.2,0.3,0.5,.156,-0.1,2.5,2.4,0.2,
Jaylen Nowell,25,NOP,SG,8,0,168,7.9,.430,.370,.151,3.7,9.5,6.5,16.2,0.3,2.2,9.3,21.5,-0.2,0.0,-0.2,-0.066,-2.9,-2.8,-5.8,-0.2,
Aaron Holiday,28,HOU,PG,17,0,166,14.6,.663,.745,.216,0.0,11.5,5.7,17.9,0.6,0.5,8.2,15.1,0.5,0.2,0.7,.196,1.4,0.4,1.8,0.2,
Trey Jemison,25,NOP,C,16,0,166,9.7,.461,.000,.656,13.6,15.2,14.4,8.3,2.1,3.4,19.5,13.0,-0.1,0.1,0.0,.006,-5.7,-0.7,-6.4,-0.2,
Christian Koloko,24,LAL,C,17,0,166,9.6,.602,.083,.167,8.8,16.9,12.8,3.2,1.5,3.9,16.3,8.1,0.1,0.2,0.3,.083,-4.5,0.0,-4.5,-0.1,
Tyrese Martin,25,BRK,SG,11,2,165,15.3,.656,.745,.091,6.4,13.4,9.8,11.4,1.5,1.2,10.9,17.3,0.3,0.1,0.4,.111,2.3,-1.3,1.0,0.1,
Vit Krejci,24,ATL,PG,14,0,165,5.5,.384,.538,.231,4.4,11.8,8.0,14.9,2.0,2.3,17.3,12.7,-0.2,0.1,0.0,-0.012,-6.0,0.5,-5.5,-0.1,
Steven Adams,31,HOU,C,15,0,161,9.8,.562,.000,.960,14.8,19.1,16.9,12.3,1.2,1.1,36.0,14.3,-0.1,0.3,0.1,.044,-3.7,0.9,-2.8,0.0,
Jordan McLaughlin,28,SAC,PG,21,0,159,9.9,.521,.579,.368,2.2,11.2,6.7,15.0,2.7,0.0,15.3,14.1,0.0,0.2,0.2,.061,-3.7,0.2,-3.5,-0.1,
Craig Porter Jr.,24,CLE,PG,17,0,159,12.1,.663,.355,.161,0.7,9.5,5.2,17.7,1.5,3.5,21.3,11.4,0.2,0.2,0.4,.115,-0.7,1.3,0.6,0.1,
Robert Williams,27,POR,C,9,1,158,26.0,.786,.048,.310,11.2,23.1,16.9,12.2,2.4,7.8,14.4,14.6,0.6,0.2,0.8,.239,4.1,2.7,6.7,0.4,
Jock Landale,29,HOU,C,15,0,158,14.3,.497,.128,.404,13.1,18.1,15.6,12.3,0.9,3.4,11.2,16.3,0.1,0.3,0.4,.133,-1.4,0.6,-0.8,0.1,
Dwight Powell,33,DAL,C,21,0,158,13.7,.803,.000,2.400,8.5,14.4,11.6,9.7,2.1,4.6,19.6,6.8,0.4,0.2,0.6,.187,-1.1,2.9,1.7,0.1,
Hunter Tyson,24,DEN,PF,17,0,157,9.9,.636,.594,.406,5.8,15.4,10.8,7.0,0.9,1.7,17.5,12.2,0.2,0.1,0.3,.084,-3.0,-1.1,-4.1,-0.1,
Jordan Walsh,20,BOS,PF,19,1,157,4.5,.366,.774,.032,4.8,9.7,7.3,3.2,1.6,3.4,11.3,9.7,-0.2,0.2,0.0,.007,-5.1,0.4,-4.7,-0.1,
Paul Reed,25,DET,C,14,0,155,19.1,.639,.212,.327,8.6,15.5,12.1,8.9,3.8,4.9,15.6,19.4,0.2,0.3,0.5,.156,-0.5,2.6,2.0,0.2,
Tre Jones,25,SAS,PG,9,0,154,9.2,.432,.406,.438,3.5,9.7,6.7,23.7,1.6,1.2,11.6,12.0,0.1,0.1,0.2,.061,-4.0,0.4,-3.6,-0.1,
Isaac Jones,24,SAC,PF,17,0,153,13.0,.646,.087,.326,6.0,13.8,10.0,1.9,0.6,5.2,14.6,17.3,0.1,0.1,0.2,.075,-3.3,-0.8,-4.1,-0.1,
Kai Jones,24,LAC,C,19,0,152,14.1,.771,.000,.600,8.8,16.4,12.6,7.2,1.9,6.0,24.0,9.5,0.2,0.3,0.5,.165,-2.2,2.6,0.4,0.1,
Marvin Bagley III,25,WAS,C,18,1,151,20.0,.563,.147,.279,17.8,16.6,17.2,6.7,1.9,3.0,11.6,23.7,0.2,0.1,0.2,.075,1.0,-2.5,-1.5,0.0,
Taj Gibson,39,CHO,C,14,8,151,11.1,.505,.059,.176,14.6,18.2,16.3,6.7,2.0,2.0,19.7,12.8,0.0,0.1,0.2,.053,-4.0,-0.2,-4.2,-0.1,
Josh Richardson,31,MIA,SG,8,0,150,4.4,.402,.579,.105,4.3,4.3,4.3,10.7,2.6,0.6,16.8,13.9,-0.2,0.2,-0.1,-0.018,-7.2,0.2,-7.0,-0.2,
Anthony Gill,32,WAS,PF,20,0,149,9.8,.573,.353,.529,3.5,14.1,8.7,5.6,1.6,0.6,10.7,13.0,0.1,0.0,0.1,.031,-2.8,-0.9,-3.7,-0.1,
Xavier Tillman Sr.,26,BOS,C,17,1,147,3.1,.301,.552,.069,5.1,18.6,11.8,5.0,1.7,1.8,16.7,10.5,-0.3,0.2,-0.1,-0.022,-7.1,-0.2,-7.2,-0.2,
Elfrid Payton,30,NOP,PG,7,3,144,15.1,.501,.022,.043,3.6,15.1,9.0,50.9,3.4,2.0,29.9,19.6,-0.1,0.1,0.0,.006,-2.3,-0.1,-2.4,0.0,
Bruno Fernando,26,TOR,C,16,2,143,16.4,.563,.000,.167,15.8,22.4,19.1,18.4,1.4,6.1,21.4,19.0,0.1,0.2,0.3,.087,-2.1,1.9,-0.2,0.1,
Alex Len,31,SAC,C,21,2,142,12.8,.535,.167,.292,8.1,19.6,13.9,15.1,1.0,8.4,18.1,10.0,0.1,0.2,0.3,.111,-2.5,2.6,0.1,0.1,
Antonio Reeves,24,NOP,SG,15,0,140,11.2,.492,.508,.108,3.7,9.8,6.6,7.9,1.7,0.0,5.5,21.7,0.0,0.0,0.0,-0.001,-1.9,-2.6,-4.5,-0.1,
Patty Mills,36,UTA,PG,9,0,138,6.2,.495,.774,.097,0.8,5.6,3.2,12.9,2.1,1.4,19.8,12.3,-0.1,0.0,-0.1,-0.026,-4.2,0.1,-4.0,-0.1,
Bones Hyland,24,LAC,PG,12,0,137,18.8,.606,.712,.247,2.4,8.3,5.3,16.6,3.9,3.0,15.6,30.2,0.1,0.3,0.3,.122,3.6,1.5,5.1,0.2,
Ausar Thompson,22,DET,SF,8,3,136,12.2,.480,.276,.259,7.4,16.0,11.8,21.3,2.5,2.8,15.7,24.1,-0.1,0.2,0.1,.023,-4.3,0.5,-3.9,-0.1,
Aaron Nesmith,25,IND,SF,6,6,136,12.0,.659,.306,.361,3.4,16.7,10.2,6.0,1.4,1.4,10.7,14.9,0.2,0.1,0.3,.106,-2.1,-0.3,-2.4,0.0,
Dario Å ariÄ,30,DEN,C,10,3,136,5.3,.399,.475,.150,7.5,20.1,14.1,9.8,2.1,0.0,20.5,16.6,-0.3,0.1,-0.1,-0.044,-6.3,-0.8,-7.1,-0.2,
DeAndre Jordan,36,DEN,C,13,0,133,11.6,.542,.000,.308,11.9,29.3,20.9,12.2,1.4,3.4,27.1,12.8,0.0,0.2,0.2,.061,-3.5,0.6,-2.9,0.0,
Thomas Bryant,27,2TM,C,12,0,131,16.7,.634,.545,.333,6.8,25.0,15.9,5.4,0.4,7.4,5.0,13.3,0.3,0.2,0.5,.182,-0.3,0.7,0.5,0.1,
Thomas Bryant,27,MIA,C,10,0,115,15.9,.624,.607,.393,5.7,24.6,15.1,4.9,0.4,7.6,5.7,13.2,0.2,0.2,0.4,.175,-0.9,0.9,0.0,0.1,
Thomas Bryant,27,IND,C,2,0,16,22.4,.700,.200,.000,14.6,28.4,21.6,9.1,0.0,5.8,0.0,13.6,0.1,0.0,0.1,.230,4.2,-0.3,3.9,0.0,
Rob Dillingham,20,MIN,PG,14,0,126,9.5,.539,.412,.000,0.9,8.7,4.9,30.2,0.8,0.0,22.7,23.0,-0.1,0.1,0.0,.001,-1.8,-1.6,-3.5,0.0,
Kobe Bufkin,21,ATL,SG,10,0,124,10.6,.483,.404,.383,4.2,14.0,9.0,18.5,1.1,1.6,12.7,20.5,0.0,0.1,0.1,.022,-3.5,-0.7,-4.2,-0.1,
Reggie Jackson,34,PHI,PG,11,0,124,13.4,.561,.659,.000,0.9,7.9,4.2,27.4,2.4,2.5,14.6,17.0,0.1,0.1,0.2,.096,0.4,0.4,0.8,0.1,
De'Anthony Melton,26,GSW,SG,6,2,121,13.5,.539,.648,.148,5.0,12.3,8.5,20.7,2.8,1.6,14.8,23.2,0.0,0.2,0.2,.081,-1.4,0.5,-0.9,0.0,
Nick Smith Jr.,20,CHO,SG,13,0,121,6.4,.417,.542,.000,0.9,9.5,5.0,12.4,1.6,0.8,5.9,17.8,-0.1,0.1,0.0,-0.018,-5.0,-1.1,-6.0,-0.1,
Olivier-Maxence Prosper,22,DAL,PF,17,0,121,10.5,.435,.353,.265,10.2,15.4,12.9,7.2,1.2,1.5,2.6,13.6,0.1,0.1,0.2,.077,-1.4,-1.2,-2.6,0.0,
KJ Simpson,22,CHO,PG,9,0,120,7.5,.394,.500,.250,7.9,5.7,6.8,21.5,2.1,1.7,16.9,18.8,-0.1,0.1,-0.1,-0.028,-5.4,-0.9,-6.2,-0.1,
Precious Achiuwa,25,NYK,PF,6,1,120,14.3,.525,.143,.357,10.0,27.3,19.1,8.5,2.1,4.0,13.4,13.7,0.1,0.2,0.3,.113,-2.2,0.5,-1.7,0.0,
Jaylon Tyson,22,CLE,SG,15,1,117,6.9,.490,.429,.214,9.7,12.9,11.3,11.4,1.6,0.0,22.7,14.6,0.0,0.1,0.1,.038,-5.7,-1.0,-6.7,-0.1,
Enrique Freeman,24,IND,PF,16,1,113,5.2,.523,.263,.474,3.1,9.0,6.1,6.7,0.8,1.6,14.8,10.4,0.0,0.0,0.0,.010,-5.5,-1.7,-7.2,-0.1,
Tyler Kolek,23,NYK,PG,17,0,112,12.1,.578,.605,.105,2.2,9.7,6.1,13.0,2.7,0.9,15.0,18.4,0.1,0.1,0.2,.072,-2.1,0.2,-2.0,0.0,
Micah Potter,26,UTA,C,6,1,112,9.7,.550,.800,.000,11.2,25.5,18.4,6.1,0.4,2.5,20.0,9.4,0.1,0.0,0.1,.035,-1.9,-1.4,-3.3,0.0,
Khris Middleton,33,MIL,SF,5,0,104,12.8,.452,.359,.436,1.1,14.3,7.9,34.1,2.8,1.8,14.7,23.1,0.0,0.1,0.1,.049,-2.2,1.3,-1.0,0.0,
Colby Jones,22,SAC,SG,18,0,102,7.1,.455,.409,.000,6.7,13.1,10.0,4.9,2.4,4.9,21.4,11.8,-0.1,0.1,0.0,.010,-4.8,0.5,-4.3,-0.1,
Caleb Houstan,22,ORL,SF,18,0,99,4.0,.446,.846,.077,2.3,8.6,5.3,1.4,0.0,2.0,3.6,12.2,0.0,0.1,0.1,.025,-4.8,-1.3,-6.1,-0.1,
Ariel Hukporti,22,NYK,C,12,0,99,7.1,.628,.000,.571,4.9,19.8,12.7,7.5,0.0,7.7,36.3,12.3,-0.1,0.1,0.0,.009,-6.7,1.2,-5.5,-0.1,
Josh Minott,22,MIN,SF,13,0,95,16.1,.662,.429,.179,3.6,15.0,9.5,10.0,3.1,3.9,14.2,16.2,0.1,0.2,0.3,.157,-1.8,3.8,2.0,0.1,
Isaiah Wong,24,CHO,SG,6,0,93,15.3,.548,.286,.514,9.0,11.1,10.0,24.1,1.6,0.0,15.7,23.2,0.1,0.0,0.1,.077,-0.2,-1.3,-1.6,0.0,
Day'Ron Sharpe,23,BRK,C,6,0,91,18.6,.559,.257,.457,15.4,21.5,18.4,8.7,3.8,2.2,16.0,24.4,0.1,0.1,0.2,.109,-1.8,-0.2,-2.0,0.0,
DaQuan Jeffries,27,CHO,SG,4,0,91,18.7,.753,.483,.069,4.6,15.1,9.6,7.3,1.1,2.2,6.3,14.8,0.3,0.1,0.3,.174,3.8,-0.1,3.7,0.1,
Adem Bona,21,PHI,C,14,0,90,9.0,.671,.000,.462,9.7,21.9,15.4,0.0,0.0,6.9,27.7,10.5,0.0,0.1,0.1,.066,-6.2,-0.6,-6.8,-0.1,
Jae Crowder,34,SAC,SF,6,2,89,7.0,.509,.706,.353,7.7,13.7,10.8,5.5,1.6,0.0,16.9,11.4,0.0,0.1,0.1,.044,-3.7,-0.6,-4.4,-0.1,
Tristan Thompson,33,CLE,PF,11,0,85,9.3,.449,.037,.444,9.4,29.1,19.5,6.1,0.0,4.3,13.4,18.9,-0.1,0.1,0.0,.011,-6.6,-1.8,-8.3,-0.1,
Mark Williams,23,CHO,C,6,3,84,32.6,.664,.000,.359,17.5,25.9,21.5,21.5,1.2,7.3,6.2,24.3,0.4,0.1,0.5,.305,7.4,1.3,8.6,0.2,
Ryan Rollins,22,MIL,PG,12,1,84,18.5,.577,.438,.188,4.1,10.1,7.2,19.2,5.8,4.4,16.8,21.9,0.0,0.2,0.2,.128,0.4,5.6,6.0,0.2,
Isaiah Jackson,23,IND,C,5,1,84,18.6,.600,.000,.609,15.3,23.0,19.2,8.4,1.7,8.8,14.6,17.7,0.1,0.1,0.3,.143,-1.1,1.3,0.2,0.0,
Duop Reath,28,POR,C,13,0,83,8.8,.519,.731,.000,7.5,9.6,8.5,5.2,0.0,2.3,3.7,13.5,0.1,0.0,0.1,.046,-1.4,-2.8,-4.1,0.0,
Cam Whitmore,20,HOU,SF,9,0,82,10.7,.447,.420,.320,5.0,10.3,7.7,8.0,0.6,1.1,5.0,30.2,-0.1,0.1,0.0,.015,-4.0,-2.0,-6.1,-0.1,
Pacome Dadiet,19,NYK,SG,12,0,82,6.5,.455,.700,.100,0.0,17.3,9.1,7.4,0.6,2.3,4.6,11.8,0.0,0.1,0.1,.033,-3.9,-1.1,-5.0,-0.1,
Svi Mykhailiuk,27,UTA,SF,6,2,81,6.9,.522,.815,.148,1.4,12.2,6.9,14.4,3.0,1.2,25.8,20.1,-0.2,0.0,-0.1,-0.071,-5.3,-0.8,-6.1,-0.1,
Drew Peterson,25,BOS,PF,7,0,81,9.1,.553,.867,.467,5.3,16.2,10.7,6.2,1.2,2.2,14.2,11.2,0.1,0.1,0.2,.096,-2.8,1.1,-1.7,0.0,
Jeff Dowtin,27,PHI,PG,8,0,80,7.0,.385,.421,.211,2.7,9.2,5.8,15.9,1.9,0.0,4.6,11.9,0.0,0.1,0.0,.025,-5.4,1.0,-4.5,-0.1,
Zeke Nnaji,24,DEN,PF,16,0,79,4.7,.417,.348,.217,2.9,6.7,4.8,6.4,0.6,2.3,7.4,14.5,-0.1,0.0,-0.1,-0.041,-5.9,-2.1,-8.1,-0.1,
Taylor Hendricks,21,UTA,PF,3,3,75,7.3,.354,.667,.222,7.6,14.6,11.2,3.5,3.2,5.0,9.2,12.2,-0.1,0.1,0.0,-0.012,-4.5,1.1,-3.4,0.0,
Kelly Olynyk,33,TOR,C,5,0,72,15.1,.498,.321,.500,7.5,24.6,15.9,19.1,4.7,1.3,17.0,23.8,0.0,0.1,0.1,.074,-2.8,3.1,0.3,0.0,
Kel'el Ware,20,MIA,C,10,0,69,9.7,.464,.280,.080,3.2,22.1,12.6,2.1,2.1,7.0,13.4,18.9,-0.1,0.1,0.0,-0.001,-5.8,0.3,-5.5,-0.1,
Immanuel Quickley,25,TOR,PG,3,3,68,14.5,.500,.381,.214,1.6,8.1,4.8,28.0,1.4,0.0,8.0,30.5,0.0,0.0,0.1,.049,1.1,-2.2,-1.2,0.0,
Torrey Craig,34,CHI,SF,6,1,67,14.7,.677,.818,.091,4.8,15.5,10.2,6.1,0.7,1.3,0.0,14.2,0.2,0.0,0.2,.150,1.9,-1.0,0.8,0.0,
Cory Joseph,33,ORL,PG,15,0,63,12.4,.472,.778,.000,5.3,15.4,10.2,24.8,2.4,3.1,14.3,14.4,0.0,0.1,0.1,.113,-0.7,3.1,2.4,0.1,
Jae'Sean Tate,29,HOU,SF,11,0,61,15.1,.573,.176,.529,6.8,31.3,18.9,16.3,4.0,0.0,22.3,18.3,0.0,0.2,0.2,.143,-4.4,4.3,-0.1,0.0,
Armel TraorÃ©,22,LAL,SF,8,0,61,2.8,.285,.389,.389,1.8,23.9,12.9,2.2,3.2,3.0,8.7,16.5,-0.2,0.1,-0.1,-0.115,-10.2,-0.7,-10.9,-0.1,
Patrick Baldwin Jr.,22,WAS,SF,12,0,57,13.9,.602,.579,.211,5.4,16.5,11.0,2.6,1.6,3.2,8.8,16.5,0.0,0.0,0.1,.057,0.1,-1.6,-1.5,0.0,
Cam Spencer,24,MEM,SG,4,0,54,13.2,.711,.462,.308,2.0,11.2,6.8,16.0,0.8,1.7,16.9,13.1,0.1,0.1,0.2,.163,-1.2,0.4,-0.8,0.0,
Jevon Carter,29,CHI,PG,11,0,53,5.8,.391,.696,.000,2.0,13.7,7.9,14.8,2.6,0.0,14.8,21.2,-0.2,0.0,-0.1,-0.104,-5.3,-1.5,-6.8,-0.1,
Chris Duarte,27,CHI,SG,12,0,50,19.0,.674,.667,.444,8.6,20.8,14.7,11.1,0.0,0.0,4.4,18.8,0.2,0.0,0.2,.193,3.7,-1.6,2.1,0.1,
MarJon Beauchamp,24,MIL,SF,12,0,47,7.2,.574,.450,.300,4.9,24.8,15.2,6.5,1.0,0.0,30.6,30.7,-0.2,0.0,-0.1,-0.140,-6.3,-2.7,-9.1,-0.1,
Kobe Brown,25,LAC,PF,7,0,47,15.7,.479,.300,.100,11.9,26.6,19.2,13.2,1.0,0.0,0.0,19.2,0.1,0.1,0.1,.139,0.6,-0.5,0.1,0.0,
Luka Garza,26,MIN,C,9,0,46,20.8,.614,.320,.320,10.0,16.7,13.4,4.3,1.1,0.0,9.5,30.0,0.1,0.1,0.1,.119,-0.3,-1.8,-2.1,0.0,
Moses Brown,25,IND,C,9,0,46,16.5,.653,.000,.250,10.2,22.2,16.3,0.0,2.1,2.0,21.3,26.6,0.0,0.0,0.0,.012,-4.0,-2.1,-6.0,0.0,
Orlando Robinson,24,SAC,C,7,0,46,14.2,.546,.333,.500,7.5,21.7,14.7,20.2,2.1,2.2,17.0,16.5,0.0,0.1,0.1,.107,-3.2,1.0,-2.2,0.0,
Vince Williams Jr.,24,MEM,SG,3,0,45,3.7,.385,.421,.211,9.7,15.6,12.8,25.4,0.0,4.1,25.2,24.6,-0.2,0.1,-0.1,-0.099,-7.2,-0.1,-7.3,-0.1,
Matt Ryan,27,NYK,SF,9,0,45,-1.5,.357,.667,.000,0.0,4.8,2.5,0.0,1.1,0.0,12.5,23.5,-0.2,0.0,-0.2,-0.216,-9.2,-5.0,-14.2,-0.1,
Pat Spencer,28,GSW,PG,9,0,45,14.6,.415,.188,.125,8.9,7.1,8.0,36.6,5.3,0.0,19.2,19.3,0.0,0.1,0.1,.081,-2.3,4.6,2.3,0.0,
Terrence Shannon Jr. ,24,MIN,SG,9,0,44,9.3,.542,.250,.000,0.0,5.0,2.6,16.8,2.2,2.1,20.0,14.9,0.0,0.1,0.0,.040,-4.5,1.1,-3.4,0.0,
Trey Alexander,21,DEN,SG,9,0,44,0.4,.349,.500,.167,0.0,2.4,1.2,5.4,0.0,2.0,7.2,13.2,-0.1,0.0,-0.1,-0.085,-7.4,-2.9,-10.4,-0.1,
Luke Travers,23,CLE,SG,6,0,42,8.0,.508,.429,.286,2.7,12.8,7.9,13.9,1.1,2.2,20.2,10.1,0.0,0.0,0.1,.070,-5.3,-0.4,-5.8,0.0,
Yuki Kawamura,23,MEM,PG,14,0,41,3.3,.397,.733,.400,0.0,4.9,2.5,23.1,1.1,0.0,18.5,21.1,-0.1,0.0,0.0,-0.053,-8.0,-2.8,-10.8,-0.1,
Jalen Pickett,25,DEN,SG,5,0,41,9.9,.800,.800,.000,2.8,10.3,6.7,23.1,1.2,0.0,28.6,7.2,0.1,0.0,0.1,.115,-1.8,0.1,-1.7,0.0,
Jeff Green,38,HOU,PF,7,0,40,12.0,.654,.615,.000,0.0,10.6,5.2,3.7,2.4,0.0,13.3,15.5,0.0,0.1,0.1,.114,-1.2,1.3,0.1,0.0,
Adam Flagler,25,OKC,SG,11,0,40,4.8,.375,.950,.000,5.3,10.5,7.9,0.0,2.4,0.0,0.0,21.4,-0.1,0.1,0.0,-0.014,-6.5,-2.0,-8.5,-0.1,
Jaden Springer,22,BOS,SG,9,0,39,7.1,.277,.300,.600,11.1,19.6,15.3,9.6,3.8,0.0,7.3,15.1,-0.1,0.1,0.0,.008,-7.7,1.4,-6.4,0.0,
Karlo MatkoviÄ,23,NOP,PF,5,0,39,8.0,.400,.000,.000,15.8,11.8,13.9,0.0,3.8,7.2,44.4,9.7,-0.1,0.0,0.0,-0.046,-7.9,-1.0,-9.0,-0.1,
Bol Bol,25,PHO,PF,7,0,37,18.9,.652,.333,.400,12.2,20.7,16.5,4.6,0.0,0.0,14.5,24.6,0.1,0.0,0.1,.085,2.2,-3.7,-1.6,0.0,
Damion Lee,32,PHO,SG,4,0,37,9.4,.451,.643,.429,0.0,14.8,7.5,18.7,2.7,0.0,15.3,23.4,-0.1,0.0,0.0,-0.036,-4.7,0.6,-4.2,0.0,
Garrett Temple,38,TOR,SG,9,0,35,7.7,.357,.429,.000,3.1,9.5,6.2,17.7,5.5,2.8,22.2,10.7,0.0,0.1,0.0,.023,-5.9,5.0,-1.0,0.0,
Tyler Smith,20,MIL,PF,10,0,34,18.3,.720,.615,.154,3.4,21.8,12.9,4.8,0.0,8.2,17.8,21.9,0.0,0.0,0.1,.097,1.3,1.3,2.6,0.0,
Vlatko ÄanÄar,27,DEN,PF,4,0,34,7.7,.643,.286,.000,10.0,15.5,12.8,0.0,0.0,2.6,22.2,11.1,0.0,0.0,0.0,.032,-5.1,-2.0,-7.1,0.0,
Baylor Scheierman,24,BOS,SG,5,0,34,0.5,.184,.600,.200,6.3,16.1,11.2,7.1,1.4,0.0,0.0,13.8,-0.1,0.0,-0.1,-0.082,-9.8,-1.0,-10.8,-0.1,
Sidy Cissoko,20,SAS,SF,11,0,33,10.4,.511,.444,.444,6.6,19.5,13.1,21.3,0.0,0.0,8.5,15.2,0.0,0.0,0.0,.064,-0.1,-0.9,-1.1,0.0,
PJ Dozier,28,MIN,SG,8,0,33,10.3,.621,1.000,2.000,3.5,13.3,8.5,20.2,1.5,0.0,15.1,8.8,0.0,0.0,0.1,.126,-2.3,2.8,0.6,0.0,
D.J. Carton,24,TOR,SG,4,0,33,-2.6,.202,.429,.143,0.0,13.4,6.6,10.9,2.9,0.0,35.0,14.4,-0.2,0.0,-0.1,-0.209,-9.8,-1.3,-11.1,-0.1,
E.J. Liddell,24,CHI,PF,6,0,31,15.5,.845,.750,.250,3.4,13.4,8.5,13.1,1.5,2.8,18.4,14.6,0.1,0.0,0.1,.171,0.2,0.6,0.8,0.0,
Gui Santos,22,GSW,PF,7,0,30,5.6,.510,.600,.400,6.7,17.7,12.0,8.4,0.0,3.2,25.4,10.9,0.0,0.0,0.0,.026,-6.7,-1.2,-7.9,0.0,
Liam Robbins,25,MIL,C,6,0,29,7.0,.434,.250,1.000,11.8,7.3,9.5,4.4,1.7,3.2,14.8,10.3,0.0,0.0,0.0,.033,-5.4,-0.9,-6.3,0.0,
Maxwell Lewis,22,LAL,SF,7,0,29,2.3,.333,.000,.000,7.7,0.0,3.9,9.0,1.7,0.0,25.0,12.0,-0.1,0.0,-0.1,-0.094,-6.6,-3.4,-10.0,-0.1,
TyTy Washington Jr.,23,PHO,PG,3,0,27,14.1,.667,.500,.000,0.0,4.0,2.1,20.5,3.6,0.0,14.3,11.5,0.0,0.0,0.1,.116,0.1,1.9,1.9,0.0,
Dariq Whitehead,20,BRK,SF,3,0,26,21.7,.818,.909,.000,0.0,14.1,6.9,6.8,3.8,3.9,21.4,23.9,0.0,0.0,0.0,.077,5.9,1.7,7.6,0.1,
Joe Ingles,37,MIN,SF,7,0,26,5.6,.000,1.000,.000,8.8,0.0,4.3,42.6,0.0,0.0,33.3,5.1,0.0,0.0,0.0,.091,-3.2,1.3,-1.9,0.0,
Jazian Gortman,21,DAL,PG,8,0,25,10.3,.547,.364,.182,4.5,4.1,4.3,11.4,0.0,3.6,14.4,23.5,0.0,0.0,0.0,.009,-1.2,-1.9,-3.1,0.0,
Stanley Umude,25,MIL,SG,7,0,25,7.6,.307,.750,.500,0.0,25.4,13.2,9.9,1.9,3.7,0.0,8.6,0.0,0.0,0.0,.023,-3.4,2.1,-1.4,0.0,
JD Davison,22,BOS,PG,5,0,24,-4.5,.510,.600,.400,0.0,9.1,4.5,5.4,2.0,0.0,50.5,21.3,-0.2,0.0,-0.1,-0.273,-12.2,-2.4,-14.6,-0.1,
Colin Castleton,24,MEM,C,8,0,22,17.4,.665,.500,2.000,9.9,22.8,16.6,0.0,0.0,4.2,0.0,13.7,0.1,0.0,0.1,.289,-1.7,-0.6,-2.3,0.0,
JT Thor,22,CLE,PF,4,0,21,45.3,1.081,.375,.750,5.4,10.2,7.9,0.0,4.6,13.2,15.8,26.0,0.1,0.1,0.2,.459,12.2,7.7,19.8,0.1,
Jack McVeigh,28,HOU,PF,6,0,21,4.4,.364,.727,.000,4.9,15.2,10.0,6.7,0.0,4.2,8.3,23.6,-0.1,0.0,0.0,-0.059,-5.2,-2.5,-7.7,0.0,
Adama Sanogo,22,CHI,C,4,0,21,15.3,.571,.000,.000,25.5,4.9,15.0,6.7,0.0,0.0,12.5,15.9,0.0,0.0,0.0,.104,1.0,-3.6,-2.6,0.0,
Brandon Williams,25,DAL,PG,5,0,21,-2.2,.291,.222,.333,5.3,14.8,10.3,11.8,0.0,0.0,16.2,24.8,-0.1,0.0,-0.1,-0.221,-11.4,-3.6,-15.0,-0.1,
Markieff Morris,35,DAL,PF,4,0,21,-0.5,.278,.333,.000,0.0,24.7,12.8,11.8,0.0,4.3,18.2,22.2,-0.1,0.0,-0.1,-0.207,-8.7,-2.1,-10.8,0.0,
Malevy Leons,25,OKC,SF,6,0,21,-2.3,.266,.500,2.000,5.1,10.0,7.5,5.4,0.0,0.0,21.0,9.7,0.0,0.0,0.0,-0.043,-10.7,-1.9,-12.6,-0.1,
Jacob Toppin,24,NYK,SF,7,0,21,2.2,.333,.667,.000,0.0,15.6,8.2,11.2,0.0,0.0,25.0,8.4,0.0,0.0,0.0,-0.050,-5.7,-1.6,-7.3,0.0,
Richaun Holmes,31,WAS,PF,3,0,20,16.0,.551,.100,.200,10.4,15.7,13.0,0.0,0.0,9.1,15.5,26.7,0.0,0.0,0.0,-0.029,-1.5,-1.1,-2.6,0.0,
Taze Moore,26,POR,SG,2,0,20,7.2,.276,.400,.200,20.9,22.8,21.8,6.9,4.8,0.0,15.5,26.7,-0.1,0.0,-0.1,-0.173,-3.4,-1.1,-4.6,0.0,
Max Strus,28,CLE,SF,1,0,19,10.2,.563,1.000,.000,0.0,0.0,0.0,13.6,0.0,0.0,0.0,18.2,0.0,0.0,0.0,.102,-0.2,-1.5,-1.7,0.0,
Cam Christie,19,LAC,SG,1,0,18,6.5,.357,.571,.000,6.2,12.6,9.4,0.0,5.4,0.0,12.5,19.2,-0.1,0.0,0.0,-0.054,-3.8,3.6,-0.2,0.0,
Branden Carlson,25,OKC,C,5,0,18,13.0,.254,.714,.286,17.7,29.1,23.5,13.3,2.7,5.7,0.0,18.7,0.0,0.1,0.0,.075,-5.2,-1.3,-6.5,0.0,
Bronny James,20,LAL,SG,7,0,18,2.5,.225,.500,.250,6.2,0.0,3.1,14.2,2.7,5.1,0.0,21.5,-0.1,0.0,-0.1,-0.153,-8.6,-1.7,-10.3,0.0,
Lester QuiÃ±ones,24,PHI,SG,4,0,17,8.7,.533,.375,.125,19.3,7.2,13.6,10.7,0.0,0.0,32.2,32.1,-0.1,0.0,-0.1,-0.182,-3.7,-6.8,-10.4,0.0,
Oscar Tshiebwe,25,UTA,PF,1,0,16,18.1,.852,,,21.3,41.1,31.4,0.0,6.0,0.0,36.2,7.3,0.0,0.0,0.1,.200,-3.6,2.7,-0.9,0.0,
Trentyn Flowers,19,LAC,SF,1,0,14,9.1,.477,.222,.111,8.0,24.3,16.1,0.0,0.0,0.0,9.6,32.2,0.0,0.0,0.0,-0.052,-4.7,-0.8,-5.5,0.0,
Jalen Hood-Schifino,21,LAL,SG,2,0,14,11.6,1.064,.000,2.000,8.0,0.0,4.0,9.3,0.0,6.5,34.7,9.0,0.0,0.0,0.0,.145,-4.0,1.1,-3.0,0.0,
Daishen Nix,22,MIN,PG,3,0,13,-7.0,.266,1.000,2.000,0.0,33.8,17.3,28.4,0.0,0.0,68.0,19.8,-0.1,0.0,-0.1,-0.316,-15.5,-1.2,-16.8,0.0,
Kessler Edwards,24,DAL,SF,7,0,13,-13.7,.000,1.000,.000,0.0,8.0,4.1,0.0,0.0,0.0,25.0,13.0,-0.1,0.0,-0.1,-0.321,-16.6,-5.4,-22.0,-0.1,
Mason Jones,26,SAC,SG,3,0,13,14.9,.000,1.000,.000,8.8,25.6,17.4,60.9,0.0,0.0,0.0,6.6,0.0,0.0,0.0,.144,2.8,1.3,4.0,0.0,
Cole Swider,25,DET,SF,2,0,13,-11.4,.000,1.000,.000,0.0,16.8,8.5,9.1,0.0,0.0,0.0,16.4,-0.1,0.0,-0.1,-0.335,-14.7,-6.3,-20.9,-0.1,
Jared Rhoden,25,CHO,SG,4,0,12,5.6,.250,.250,.000,17.5,19.1,18.2,26.4,4.1,0.0,11.1,31.7,-0.1,0.0,-0.1,-0.206,-6.9,-1.8,-8.7,0.0,
Keshad Johnson,23,MIA,SF,2,0,12,5.0,.500,.500,.000,0.0,18.1,9.1,0.0,0.0,0.0,0.0,7.3,0.0,0.0,0.0,.028,-5.2,-1.3,-6.5,0.0,
AJ Johnson,20,MIL,SG,5,0,11,10.1,.583,.167,.000,0.0,19.3,10.0,15.8,0.0,0.0,25.0,32.1,0.0,0.0,0.0,-0.134,-5.3,-5.1,-10.4,0.0,
PJ Hall,22,DEN,C,5,0,11,2.4,.400,.400,.000,0.0,9.6,5.0,0.0,0.0,0.0,0.0,19.1,0.0,0.0,0.0,-0.088,-10.6,-6.5,-17.1,0.0,
Mouhamed Gueye,22,ATL,PF,2,0,11,-5.7,.250,.500,.000,0.0,19.7,9.7,0.0,0.0,0.0,20.0,18.4,-0.1,0.0,-0.1,-0.267,-11.1,-4.6,-15.7,0.0,
Dominick Barlow,21,ATL,SF,2,0,11,-2.7,.266,.000,2.000,0.0,0.0,0.0,0.0,0.0,0.0,0.0,6.9,0.0,0.0,0.0,-0.080,-8.8,-3.4,-12.2,0.0,
Jalen Bridges,23,PHO,SF,2,0,11,-13.0,.174,1.000,1.000,0.0,9.9,5.1,0.0,0.0,0.0,41.0,19.6,-0.1,0.0,-0.1,-0.438,-16.6,-6.8,-23.4,-0.1,
Jeenathan Williams,25,HOU,SG,3,0,10,31.6,.875,.500,.000,0.0,31.8,15.7,0.0,4.8,0.0,0.0,16.5,0.0,0.0,0.1,.349,5.6,7.4,12.9,0.0,
James Johnson,37,IND,PF,3,0,10,4.2,.500,.250,.000,0.0,22.7,11.5,29.5,0.0,9.3,42.9,30.4,-0.1,0.0,-0.1,-0.287,-6.9,1.1,-5.8,0.0,
Cui Yongxi,21,BRK,SG,5,0,10,-10.9,.190,.429,.286,0.0,24.5,11.9,0.0,0.0,0.0,0.0,35.0,-0.1,0.0,-0.1,-0.512,-16.6,-8.5,-25.1,-0.1,
Justin Edwards,21,PHI,SF,2,0,9,16.7,.581,.333,.333,0.0,27.3,12.9,19.8,0.0,0.0,0.0,16.8,0.0,0.0,0.0,.119,2.0,-0.4,1.6,0.0,
David Duke Jr.,25,SAS,SG,1,0,8,3.0,.307,.250,.500,0.0,0.0,0.0,35.4,0.0,0.0,0.0,26.1,0.0,0.0,0.0,-0.117,-6.7,-5.0,-11.8,0.0,
Tristen Newton,23,IND,SG,5,0,8,-15.3,.233,.500,.167,0.0,0.0,0.0,16.6,0.0,0.0,13.4,40.4,-0.1,0.0,-0.1,-0.569,-22.0,-11.5,-33.6,-0.1,
Quincy Olivari,23,LAL,PG,1,0,8,-0.9,.500,1.000,.000,0.0,0.0,0.0,0.0,0.0,0.0,25.0,21.8,0.0,0.0,0.0,-0.205,-7.9,-7.4,-15.4,0.0,
Reece Beekman,23,2TM,PG,3,0,8,15.0,1.000,.000,.000,12.6,0.0,6.5,20.5,6.0,0.0,50.0,10.7,0.0,0.0,0.0,.112,-2.8,5.0,2.2,0.0,
Reece Beekman,23,GSW,PG,2,0,4,42.6,1.000,.000,.000,25.1,0.0,12.9,40.9,12.0,0.0,0.0,10.4,0.0,0.0,0.0,.596,9.9,15.6,25.5,0.0,
Reece Beekman,23,BRK,PG,1,0,4,-12.6,,,,0.0,0.0,0.0,0.0,0.0,0.0,100.0,11.1,0.0,0.0,0.0,-0.373,-15.4,-5.7,-21.1,0.0,
Trevelin Queen,27,ORL,SG,3,0,7,-5.3,.500,.333,.000,0.0,0.0,0.0,0.0,0.0,0.0,25.0,24.8,0.0,0.0,0.0,-0.176,-12.2,-4.1,-16.3,0.0,
Alex Ducas,24,OKC,SG,4,0,7,-15.9,.000,.667,.000,0.0,0.0,0.0,0.0,0.0,0.0,0.0,18.3,-0.1,0.0,-0.1,-0.413,-17.4,-6.4,-23.8,0.0,
Harrison Ingram,22,SAS,SF,1,0,7,-5.7,.000,.000,.000,0.0,15.3,7.7,0.0,0.0,0.0,0.0,6.1,0.0,0.0,0.0,-0.128,-11.5,-4.1,-15.7,0.0,
Riley Minix,24,SAS,SF,1,0,7,-1.8,.000,1.000,.000,0.0,30.6,15.4,0.0,0.0,0.0,0.0,6.1,0.0,0.0,0.0,-0.106,-8.4,-3.7,-12.0,0.0,
Chris Livingston,21,MIL,SF,3,0,6,19.5,.500,.000,.000,19.0,17.7,18.3,24.4,8.1,0.0,33.3,22.1,0.0,0.0,0.0,.062,-0.2,4.3,4.1,0.0,
Justin Minaya,25,POR,SF,1,0,6,-0.5,,,,0.0,19.0,9.1,0.0,0.0,0.0,,0.0,0.0,0.0,0.0,.006,-11.2,-2.0,-13.2,0.0,
James Wiseman,23,IND,C,1,0,5,32.1,.615,.250,.500,0.0,22.7,11.5,0.0,0.0,0.0,0.0,42.4,0.0,0.0,0.0,.232,5.8,-5.3,0.5,0.0,
Ulrich Chomche,19,TOR,PF,1,0,5,16.6,1.000,.000,.000,0.0,22.1,10.9,0.0,0.0,0.0,0.0,8.3,0.0,0.0,0.0,.149,2.7,-1.1,1.6,0.0,
Isaiah Crawford,23,SAC,SF,1,0,5,-0.6,,,,0.0,22.2,11.3,0.0,0.0,0.0,,0.0,0.0,0.0,0.0,.031,-10.2,-0.8,-11.0,0.0,
Daniss Jenkins,23,DET,PG,2,0,5,-18.0,.000,1.000,.000,0.0,0.0,0.0,0.0,0.0,0.0,0.0,17.1,0.0,0.0,0.0,-0.406,-21.2,-7.5,-28.7,0.0,
Mac McClung,26,ORL,SG,1,0,5,14.7,,,,0.0,24.3,11.6,50.0,0.0,0.0,,0.0,0.0,0.0,0.0,.223,2.4,4.0,6.4,0.0,
Alondes Williams,25,DET,SG,1,0,4,55.3,1.250,.500,.000,0.0,0.0,0.0,73.3,0.0,0.0,0.0,21.4,0.0,0.0,0.0,.552,37.9,6.0,43.8,0.0,
Spencer Jones,23,DEN,SF,2,0,4,18.1,.000,1.000,.000,0.0,26.3,13.7,0.0,23.7,0.0,0.0,10.5,0.0,0.0,0.0,.082,-8.1,18.8,10.7,0.0,
Collin Gillespie,25,PHO,PG,1,0,3,26.9,.750,.500,.000,0.0,0.0,0.0,0.0,0.0,0.0,0.0,29.4,0.0,0.0,0.0,.138,11.4,0.1,11.5,0.0,
Jaylen Martin,21,BRK,SF,2,0,3,34.6,1.500,1.000,.000,0.0,0.0,0.0,0.0,0.0,0.0,0.0,14.8,0.0,0.0,0.0,.195,17.5,4.8,22.3,0.0,
Bryce McGowens,22,POR,SG,1,0,3,22.1,.500,.500,.000,0.0,0.0,0.0,68.4,0.0,0.0,0.0,27.7,0.0,0.0,0.0,.147,8.8,0.4,9.2,0.0,
Alex Reese,25,OKC,PF,1,0,2,55.0,1.000,.000,.000,53.2,0.0,26.4,0.0,0.0,0.0,0.0,21.4,0.0,0.0,0.0,.604,22.8,-4.0,18.8,0.0,
League Average,,,,,,,,.574,.424,.250,4.9,15.1,10.0,16.3,1.7,2.0,12.5,19.9,,,,,,,,,
